"","wt_nt.1","wt_nt.2","wt_cpr.1","wt_cpr.2","fur_nt.1","fur_nt.2","fur_cpr.1","fur_cpr.2"
"yfaS",10.2337425258776,10.2912361649404,9.67069270915203,9.59261971004704,10.4014718753163,10.4355912740901,8.96400573246716,9.43536466338952
"ylcG",8.55073476680711,8.43131676650125,8.69657320632936,8.16017768784845,9.02235914579612,9.44516541291355,6.53159605113649,8.07070137310741
"ybdZ",10.3797977368125,10.7103812631134,10.4393082159043,10.3346991488058,12.2135075351067,12.3699744198677,12.1886679206258,12.2971303234087
"yciX",9.69868434398985,9.65702055989988,10.3599868394476,10.046532974354,9.39619669340006,9.58497748884535,8.80699647889132,8.98245091694724
"yoeF",9.99096607925196,10.1091736228178,9.20521358187561,9.18886837553501,10.1799949515551,10.1948061937417,8.66554689065697,9.27291404142161
"arnE",9.28163305851781,9.77277360741023,9.06387950397252,8.13761559478306,9.37721488356334,9.83198672054637,6.5017874522155,8.05994704605408
"ysaB",10.9640183755978,10.8553843125346,10.0551820599146,9.78716187535803,11.0094407776379,11.0038240888576,9.59174833962735,9.90951110004032
"ghoT",10.0803554977603,9.90897578202217,10.969114417086,11.0503201774162,9.96712651296544,9.94507342300087,10.1027024202806,11.2334034164472
"insM",9.90443988943869,9.97155019972973,9.34803882789776,9.27877973433239,9.6366146353753,9.67054849828415,8.07801132681957,8.82387484701866
"gatR",10.5574788615297,10.7232276750109,10.3480029015649,10.1325802430572,10.7239749635799,10.762309284316,9.24100034945323,9.7673516826336
"yifN",11.2980031228806,11.4737501213211,10.3504276156406,10.2274829000437,11.1000615393432,11.2106505817335,10.1975765202189,10.5149525942231
"yigE",10.2250530060991,10.8445105976397,9.74234161667947,9.55962671875291,10.3681527690499,10.8086104230217,8.3804475408027,9.47914237912594
"sraG",10.4859348862876,10.6842588553378,9.49596734916556,9.32929807179885,10.625665423678,10.6727374776356,8.55897497216679,9.49522823992215
"yggP",10.2343398303274,10.0551206895125,9.27322325473122,9.24197570632703,10.1725798662266,10.2228451482226,8.34094886457864,9.12782509677617
"glmY",11.2571175234089,11.5574540444204,12.8564572967996,12.6260923002511,11.8994029509671,10.850085489658,12.4248554551261,12.5588531468171
"yedN",9.26903596789844,9.2568429832891,8.80051393586786,7.95247534420268,9.55091867722537,9.50716840266296,6.78461875694378,8.72320381873727
"ygeN",9.73264631593427,9.10156054775929,8.7343781418545,8.03328376679743,9.46342443797651,9.12152978926375,7.77401653912462,8.99049850484818
"smf",10.5111318412089,10.5034499882501,9.78155833065958,9.58605230483082,10.5425603592649,10.5027044077961,9.01978242660059,9.29805540813449
"yehH",9.66263696804622,10.2272951903062,9.41927852680147,9.2493613375063,10.3515060275134,10.515525154235,8.99651505808795,9.21219557627397
"rdlD",8.04196327625318,9.30843230765652,8.31343577367219,8.14961946993526,8.67080713969788,9.08283167197956,5.74701214482875,7.24718170131123
"hokA",8.73840469178379,8.90826817531287,7.20698381598176,6.33721739234015,9.13666275530692,9.1045874613506,4.97529110719605,7.1661317023412
"gapC",10.3591263721007,10.178971051251,11.2764082268555,11.3046149497335,10.7964553158241,10.428345826635,11.0783475363155,11.3394889116031
"cysW",7.70832350847685,9.14456035480049,8.25052549186678,7.87022741014817,8.64877819085401,9.12354550454777,6.81994864371493,7.38305032332019
"ghxQ",10.6447637597594,10.6714808101921,9.85000791480992,9.6475595755783,10.8238280835718,10.9754960979011,9.7870214568279,9.71338191847823
"sraB",11.4259993724504,11.1748769832334,12.781525343394,12.760762672802,11.6538925014158,11.4708722261323,12.3172087591607,12.6989165815994
"gntU",9.96370202702562,10.2807258959902,9.16143897681803,9.35355017583695,10.0285533856915,10.3328047730997,8.98838504031642,8.90276671405864
"dgoD",11.1256626179695,11.4337002012894,10.2435398460606,10.270766189229,10.799306690833,10.9052676592235,10.0935553022835,10.459705340157
"yeiW",9.32588597769176,9.8542477821861,9.46959409046036,8.92519795014791,9.94525474110307,10.1342001526487,8.04715102282062,8.24437282371071
"yhcE",10.6013043972826,11.1374898272831,10.0950884225902,9.87167373598784,10.7478140692632,11.0480198307324,9.67427187126216,9.95308906023829
"yehK",8.00113216378109,8.86687003977566,7.82646055074992,6.49381121971661,8.79214779180517,8.88377926219157,5.54818366952521,6.90685303722566
"yoeA",10.2205257048554,10.7948911563649,10.3081461823291,10.1727361123897,12.6088022095149,12.4143719613224,11.8647225112826,12.1141411050745
"yaaI",10.3588842975573,10.7632294999941,9.73686597706581,9.66554799702547,10.4665271563496,10.5221949440755,8.99130177565902,9.39375400645018
"polB",9.95874554546495,10.2079814244098,11.1399077971747,11.2244201261996,10.1838640807768,10.26714104488,11.1261116311651,11.1414124500646
"aceK",10.3966480196533,10.4906011022086,9.5358361300138,9.0071937519285,10.3029734491884,10.4479437622892,9.1564431268377,8.92472049117175
"htrE",10.550507691911,10.4212277586374,9.62049947360751,9.47375197224808,10.6438046096225,10.7088620683191,9.44486742705724,9.54953939624726
"gcd",10.7008567024725,11.1429205765897,10.1849655218874,10.0391795738886,11.0570395696688,11.3486736720999,9.91294681428789,10.1715869383374
"yadK",10.6984906296621,10.7144766166682,9.77331150268753,9.41793525505025,10.9309750965629,10.9834276300347,9.68028010750296,9.90056010783246
"yadC",10.9506110291802,11.1511806354876,10.2991500297634,10.2029553404319,11.33138487501,11.1844974711888,10.1423890290624,10.2604748705326
"yadN",10.9344098013277,10.8810706262309,10.1033991117678,10.0214865906897,10.9949012234752,11.0373642525457,9.92239392767001,10.0410503345105
"hrpB",9.42926942477281,9.7019444175803,10.694788298781,10.6820532477336,9.50178362897918,9.74508562929694,10.2188658435689,10.4389940388379
"fhuA",10.4706250160612,10.6714088607641,10.5704325456865,10.558656878827,11.3281421761262,11.1356279147792,12.3819702671426,12.2903570977436
"yadV",11.1126696703305,11.1145536985226,10.150465168004,10.0625479248086,11.2214230111731,11.2882514866714,9.71536646830771,10.1753897114082
"yacH",10.4985801627196,10.7515374768651,9.83290705289336,9.54840963418357,10.4214036830949,10.7753609857141,9.26230452188011,9.46153654200106
"sufD",10.1363639992054,9.91970720003671,10.2146407234149,10.197520040103,10.5826456171289,10.6685327579389,11.4149235767569,11.4037058049737
"yjjJ",10.3066830960155,10.5611370215523,10.0470863760255,9.76631667275045,10.2316074589558,10.4999713771704,8.89360255456411,9.58345986507102
"yaeF",9.77794827514648,10.3390113886495,9.52168409286407,9.56050495759069,10.0214962119591,10.60067870986,8.31066141811386,9.34616995939289
"yafL",10.5380346270667,10.9256062075985,10.0414837673269,9.96872192510141,10.775847392756,11.0319341264098,9.61385671745717,10.0317514781388
"lfhA",9.62544387508975,10.2485481183388,9.51861325939643,9.38095470715215,10.0533950383131,10.2740736216001,9.16368422074827,9.14367179769373
"yafO",10.5796364757682,10.7296206221775,10.2034927677023,10.3225953686591,10.6765813676489,10.7707553285665,9.42355589048918,9.94703797031654
"ykfJ",10.342726850832,10.5528714351311,9.3915992894831,8.90984349053994,10.5089549346748,10.5527147307419,7.77859418928543,9.13148664010617
"ynfK",10.9034937639237,10.7920489979605,12.0418247198392,12.1704797366257,11.402403495297,10.9973989205365,12.2385034665353,12.1954659497294
"arpA",10.270875647451,10.0248458775145,8.62851160265815,7.90957311998462,10.0714275426497,10.0023421820746,7.54852561365669,8.40473289053726
"ais",10.3841058112158,10.3662477872442,9.58410817089194,9.2498807976378,10.3725876137808,10.3654699479097,9.00244388270582,9.63997036290063
"yagG",9.36248495916726,9.45910797992974,8.64294294902157,8.50539985227674,9.45349326972474,9.66577447959948,6.99249413565557,7.8316876127944
"yagM",10.1822382984129,10.1315365963053,9.59402524911783,9.35076371460121,10.2235211642914,10.0836529388925,7.78542624193636,9.23332270081768
"yahL",10.1802740697954,10.5004106597369,9.76693776777977,9.67917540711893,10.1905066313412,10.4079282738849,8.48580047157605,9.17718827975099
"yaeI",11.2195286486391,11.4940703295466,10.6734302084519,10.5686436337931,11.4756798384303,11.5132420849665,10.3618335958388,10.5293840882522
"yaiO",10.4589037701065,10.7436995438825,10.0780974866899,9.68911894524541,10.5730524511779,10.7719752981873,9.25117910748933,9.78310982291678
"tauD",9.76844480098932,10.0495809617153,9.63624761596516,9.27770677736302,9.64443065971413,10.067691026904,8.3419293973034,9.17433583042371
"dinI",10.3878190972557,10.5101277819051,12.468655064097,12.6408979696221,10.8354741984737,10.6640685232291,12.6858957794712,12.7942849958046
"nusB",11.0228889672656,11.1331303068088,12.0910913806829,12.0748836068835,11.3979731226428,11.3538620264161,11.9003074921068,11.9168787354973
"yfhR",10.2603394869999,10.8175294720049,9.9031239698101,9.73312892573102,10.4404101287839,10.6091654996161,9.01108213935487,9.58706841735192
"gpmA",12.1132282309445,11.9437498982044,12.1514718158155,12.3126314079493,13.5142169935879,13.4054123488895,13.5837989809774,13.5309240727028
"tig",11.3955514275233,11.079829573516,12.3724626583506,12.3285852372178,11.2525376778347,11.2454337389934,12.0868187341558,12.2557140690806
"glnK",10.3705245791978,10.4230573268111,9.4085415634158,9.37560525137824,10.2757017475211,10.5202142171017,9.41405564517924,9.64314000753002
"htpG",11.408392221784,11.7707354249818,12.7373868944252,12.6583393549511,11.0875754902704,11.0789529538923,12.1070196570719,12.3346354417948
"recR",10.608227431604,10.7167906526654,11.7343590370877,11.7609953290499,10.459054509951,10.5904104157249,11.5250814066841,11.7303019338437
"ftsK",10.6218200871995,10.9457309228416,11.8200942854074,11.8171822904444,10.8779256992805,10.7854730969711,11.7056966214629,11.7016785293503
"dnaX",10.3947323759936,10.5495013029032,11.5942886133423,11.5014935716449,10.3104552708543,10.3957985260919,11.4546865042268,11.572472569289
"cmtB",10.4597374944649,10.1083427194041,9.37264203699657,8.90768424457372,10.2987579605739,10.3329470857465,7.69149178311719,8.99095183356962
"ybbY",10.1584479610157,10.4398925540044,9.76108278549738,9.48718411150843,10.0075021028332,10.3820802128827,8.78914903915671,9.3106056840873
"ybbD",7.89656455844125,8.24107448286236,7.01572436977334,7.1080983421436,8.25770900128804,8.15922488487812,5.57797929151672,7.17952220265777
"ybaM",9.27254862303429,9.59728904260056,10.5542882428816,10.6485327613866,9.48305877779349,9.16281656495754,10.2045230088701,10.4584381180451
"ninE",10.5551983896771,10.8660780834955,10.1810468657021,9.99762145361808,10.7339659631556,10.9366712142499,9.65457244159441,9.87569171362174
"rplT",11.1740498383983,10.9314896356718,12.4355463007638,12.2768663887654,11.1753185284187,11.0114984091813,11.8099216649057,12.148350719526
"ybcV",9.92503919443412,10.0101740336408,9.44394340270964,9.04122938784207,10.0548699472647,10.0549512154055,8.45281639123715,9.33617710258459
"fes",10.4824327108748,10.8188774323422,10.4877770030632,10.4190715141443,11.8108497204486,11.4627502747709,12.0372899934902,12.0931285312975
"tfaX",10.2949042933295,10.4093736139976,9.91755389835315,9.84772163445189,10.5441580132854,10.4676740751481,7.7252905395979,9.48764326020675
"entF",10.0286579478363,10.3437964903668,10.2646147399128,10.2756596908219,11.9379494537122,11.476821734708,11.8882140946656,11.8657809466352
"ompT",12.7973973514531,12.9768880559996,11.5858052059923,11.5984114810068,12.660732091712,12.5014635734873,11.4840948959917,11.7179587602453
"napD",10.042267290427,10.1485576220716,11.6110455324341,11.6650783552146,9.76341331305941,9.95691250231201,11.0223074204357,11.1950959367135
"cusF",7.2205120818971,8.2754526078604,7.551152888461,6.64847461934379,8.46366265078535,8.55602369890353,4.97293720954254,6.61971606547682
"fepA",10.8956813637544,10.8350718472842,10.5545632736554,10.4976824484688,12.3088713739967,12.236373135893,12.2678761037408,12.35107237035
"entD",10.0126201758892,10.2330412387771,9.96321876654965,9.55494842415601,10.4926058474595,10.4219630028497,10.6834305522142,10.8946259539677
"ybdN",10.6694572491564,10.8957933644204,10.2126617281303,10.0642445800975,10.6177486400495,10.6458286114774,9.4157351695235,9.84646491438494
"ybdL",9.96307533420003,10.4669552039567,9.90848106116332,9.68911894524541,9.97363930775581,10.1218498755422,7.87827740735992,9.22725722882625
"entH",10.3018097688006,10.5102047565908,10.4173340562727,10.3837009190066,11.2040474855957,10.69094598012,11.6948733936051,11.6751921625215
"ybdO",10.5436074034362,10.7310518505437,10.038820781284,9.99522440886884,10.6787444439057,10.5032421020238,7.91569508311579,9.56447829591249
"ybeF",10.7358279308311,10.8068364663365,10.2028407920963,10.0852205245576,10.9935535003449,11.0223855149529,9.64330605517355,9.9814533531361
"purR",9.81062803250034,9.918479681787,10.8590723857551,10.9221264917335,10.1052664199201,10.0973304081189,10.5658593456798,10.8479534809977
"glf",10.5514636844631,10.0721777070006,11.3732686688802,11.4332644311133,10.4966430610821,9.99734779377793,11.3810495066518,11.5219814568962
"ybeT",10.5269997200242,10.5439777552075,9.85751305693693,9.60779895533879,10.593855022681,10.8233606439117,9.39050003044179,9.62717784445317
"ygcG",10.7013579093853,10.5900350523063,10.0126660294084,9.85225028524932,10.8770148008697,10.8216718546944,9.61893202200693,9.90360525027067
"ybeR",10.8202370802674,10.879151519851,10.1398078891161,10.0286776136335,11.0924268940405,11.0040865690301,9.5833579426267,10.0398359063433
"ybeQ",10.5726410687797,10.6401977659108,9.7075896335551,9.46017533626215,10.7816572352612,10.7657582888329,8.97552510485427,9.68503924515414
"cmtA",10.9233058491976,10.8730669441539,10.1134156010462,10.0442140621878,11.0528206198871,11.0923421584637,10.0148225192501,10.0977049706126
"yqeH",11.2124184885156,10.9798404779933,10.438582781003,10.1320381846237,11.3990425532079,11.2184092296205,9.98293804220292,10.5116589049976
"arnC",10.4828927958554,10.9108898984823,10.229230913693,10.0294738966936,10.8554449027263,10.8699565663599,9.59431877345087,10.0192838564548
"rfbB",10.4521604330894,10.3996224862268,11.8465843093913,11.874105156959,10.6610916859771,10.5095114691172,11.6957712026301,11.909452674803
"yahB",9.60239288135217,10.1981933526128,9.72606376465388,9.62552963164085,9.99315517512487,10.0021974716476,8.04766923189258,9.29805540813449
"entA",10.2395122168317,10.5079506973149,10.4296130145126,10.2163121665119,11.5287701500722,11.1700875455576,11.9008049211231,11.8457955924896
"fldA",11.2784093992196,11.2084991996815,12.3277932960746,12.2446082227959,11.6246162889145,11.3204382600532,11.8914265449207,12.1038514396609
"fur",11.8838421338147,11.6648291239295,12.2019752318285,12.1785732783448,5.5485459626778,6.0944552454915,6.94801032805335,5.58082743190318
"yaiP",10.1215294716007,10.1864199297395,9.43436108754794,9.10196746902004,10.1403494640998,10.107653149154,7.92853349917343,9.05169687498132
"arnD",9.94837844543473,10.2301318798997,9.60566948586979,9.40176173894824,10.0466360416152,10.2316674541872,8.6292329951541,9.27705968509997
"ariR",10.160561937516,9.80606660761145,10.3310825498257,10.4466147678779,10.1538991165191,9.9537815697784,11.5023951890362,11.1560174893377
"mngA",10.1748241616986,10.3032727035829,9.82333563309968,9.56712899060152,10.380600919057,10.5241418935068,9.23433116506084,9.49046859917993
"sfmC",9.95673517012153,10.2264446902263,9.41282597808864,9.21306995373512,10.1297196334517,10.2503304905442,8.87033063051742,9.3388612560438
"ybhI",10.0724945932789,10.3563421774343,9.57171547910892,9.52269414989405,10.2474592432294,10.317812314255,9.02764872882122,9.53602656884092
"uvrB",10.8794757316868,10.7801318520565,12.3244869396814,12.4431420255467,10.9713769036075,10.8081772821016,12.379550581727,12.2726348383561
"moaA",10.9380937024834,10.9884161984109,12.0197978257467,11.9617886778622,11.1673813709493,10.586051183435,12.0968788074375,11.6583004009738
"moaD",11.416583715947,11.4116069522533,11.9569791090731,11.9656982773196,11.3755129421916,10.7922494546608,12.2638765663765,11.9299044714884
"moaE",11.220902892202,11.3725913333671,12.0856349838869,12.1275090597626,11.5488954023886,10.712943875514,12.2944227721648,12.0215182368228
"yifK",11.4882647541722,11.5455027173977,10.5622254230347,10.6051145930962,11.6061723990235,11.6769898787069,10.4998663979252,10.6321618681635
"perR",10.6443323126752,10.9325296137113,10.1184634797025,9.79836441537165,10.6713803358712,10.6232425939053,9.41807924228062,9.82504601844315
"exbB",9.50134324809557,9.31221033575178,9.86514846039033,9.71562291107169,10.3894895919385,10.3611158155009,11.40187781348,11.4745282550894
"ykiA",9.49998249992046,9.66021321837529,9.16009879349083,8.64053840066818,9.47593947860215,9.69297052974283,6.65512798023582,8.67194338666209
"dinG",9.54290323645544,9.75560262156355,11.3675290728782,11.3414480066329,9.59147963102781,9.77938263883303,11.1642006864427,11.3124240466297
"moeA",9.14986392730853,9.22827580980463,10.577620128038,10.5772163997262,9.5079144289461,9.48275682181643,10.7617869606136,10.4614615043163
"iaaA",9.92472617151368,10.0817289163986,10.9441606983528,11.1451340982385,9.75988298488804,10.0741372819048,10.7779976469967,10.9916082039688
"potG",9.84481117421545,9.97806415054736,9.50269586871832,9.39895950760993,9.98700046502602,10.2706147321996,7.94980848234354,9.09633006686461
"ybjN",10.420878025389,10.4036744840513,11.6766719757192,11.6102448823547,10.6717594234624,10.6322649421066,11.3993305410874,11.6333835130114
"rimK",9.85314527158075,10.0444287593649,10.9770827941006,10.945616256034,10.1837786926738,10.339306651357,10.8320084456024,10.9270539402722
"infA",10.6673629412278,10.7363992894945,11.791713481427,11.704656014716,10.7534786235094,10.5243741220688,11.3131767690647,11.6075610622342
"entC",10.4919775022634,10.6869691435632,10.2620114739446,10.1904696949368,11.5400056173339,11.4446250772147,12.255385874239,12.1328802347717
"focA",11.4935398127513,11.0354175612702,12.585085129668,12.6406602730852,11.7811370525998,11.4366610806869,12.4303496343076,12.5629828012094
"sfmA",10.476128993481,10.7102742763497,10.0359404165593,9.85228581566112,10.532818472377,10.6608219500956,9.44978807892745,9.74368696911182
"ycaL",10.9582034827324,10.666343001562,9.89830643990677,9.55642421689166,10.8978438591403,10.9082265106506,9.56139451624707,9.84901028314087
"elyC",9.44934486023151,9.71409421251846,9.24708931766099,8.62840307521786,9.79269081072436,10.1700776235191,6.94097366749467,8.82441059328144
"mukF",10.4071071471126,10.237438798651,11.3956934358839,11.4041362233512,10.5768775328574,10.4977263679508,11.2583911421082,11.3713393932052
"zapC",10.6257237241202,10.4769189852348,9.84780521820496,9.29369402372626,10.6216750626311,10.4869717882003,7.98580566861888,9.39820258201859
"asnS",10.7577611787604,10.7775053328321,11.9596816352125,11.9005003796809,11.1181279498511,10.7925741954054,11.6960899366279,11.8033244700006
"ssuA",9.9235085553461,10.3386485289231,9.60461637764442,9.34229791662729,9.99735151562411,10.2667778270658,8.10435357726529,9.0578298995935
"ycbU",10.3093691525791,10.4864491827323,10.0040519956353,9.78948693530115,10.5911686045982,10.6176340177376,8.34094886457864,9.46940542372156
"scpA",10.7182542562246,11.063940220074,10.3917121049643,10.1505933509721,11.3291841620135,11.3030599846013,10.0752242499856,10.1778085265997
"bamE",10.6675817305655,10.5658649423036,11.6868288007258,11.8297701264423,10.8566667065113,10.4512857400086,11.889377307891,12.0359269769064
"csgG",9.52865827248914,9.80008910100442,9.36797052932646,8.94486447589285,9.80758693346239,9.98074018339361,7.87791269904857,8.87027448349025
"glnP",10.4636658135404,10.4743889223658,11.6921559816913,11.8300764746985,10.6214752137062,10.8663983582734,11.7988264090445,11.9813535271106
"csgF",9.80340781523388,9.98375697132366,9.33292610826032,8.99540341866871,10.0046118189825,10.031933910807,7.48301341598485,9.06429605337611
"yceO",10.219074319996,10.1334796390933,9.47057021409937,8.89751873678363,10.2029398877767,10.4931570628194,8.84194680226776,9.21397173468437
"pspD",9.94154958551837,9.96669802611189,11.1235771420873,10.9492728615159,9.92425116232719,10.0313655486571,10.7447843312112,10.8521128449967
"flgF",8.43191272479009,9.28290092910445,9.16393013977572,8.94296642246719,8.73023310205296,9.25337173605056,6.33200220354337,7.84837734945223
"fabG",12.1595262029468,11.9397201133207,13.1096402653963,13.1259306930692,12.1490442346267,12.0549868596093,12.9001586565229,13.1884331742665
"fhuE",10.5341782352445,10.7934522288506,10.2496853621799,10.3022847360613,11.4924901329002,11.3302713140242,11.3818791854085,11.4515958870645
"yceD",11.9087239622054,11.6846650784319,13.0921785061702,13.1448732296358,12.0579835155909,12.0190984722751,12.7892356018895,13.0012316955495
"lacA",10.3510445225306,10.7097753095429,10.0833181338459,9.7194343691929,10.4825205628721,10.5586330122435,8.86273997549241,9.60988510695597
"ycfT",8.95136121274484,9.56911675980661,8.69725787782315,8.14421060046713,9.40513481570617,9.58375709016548,6.22012439826136,8.36057982009291
"nudJ",9.51753043858951,10.0492229898861,10.9734232514462,10.8393300059372,9.73384000303212,10.0059204328721,10.4543329621838,10.682658018282
"mnmA",10.4912009183231,10.5715180244714,11.8349492192399,11.773478556031,10.5309980210102,10.4381137101173,11.6032906299162,11.6535606042794
"hflD",9.9361415643256,10.3585104142618,11.6078903788522,11.4957737901172,10.0895339592945,10.2943299706192,11.3392482605962,11.4845696080839
"purB",10.2861053795198,10.4630847474134,11.6150057140696,11.6006339777749,10.503415010536,10.4499894993197,11.3297900027626,11.4985903400568
"yfgH",10.1543982040628,10.6201722260822,9.71414133664775,9.63602149369212,10.7577729574739,10.6967204852626,9.3033157792852,9.63600531841201
"umuD",10.0990507338217,9.92461585558802,11.4694000705145,11.5603804848992,10.0817854925852,10.2014241235075,11.4204520719572,11.6383234920576
"sufB",10.4581706214232,10.4781344471941,10.6800988796191,10.6519103033685,10.962865348313,11.0963539975605,11.8748528310275,11.9806693466545
"cvrA",9.26896066448419,9.47943595458537,9.40967032508206,9.15860180202096,9.66132718693415,9.84314879197661,8.4273578538526,9.04594582491137
"ycgY",10.3297233055227,10.4416221543367,9.79156793122741,9.46970353283795,10.510750906925,10.6021289464559,9.08811510416154,9.43621898549123
"ribA",10.7052463291418,10.4924059238729,11.6520862591452,11.6554612783299,10.571927401889,10.6436279337767,11.5364885559631,11.5867500557599
"fabD",11.7464605239109,11.4060704447195,12.5876763724423,12.6125976946244,11.7506053310319,11.3551668287572,12.3931584437332,12.5357482273611
"prs",10.9094220134472,10.8210456064258,12.3527198193458,12.2272013274137,11.2515522741147,11.0656664646572,12.1651219250044,12.2972526251837
"hemA",10.1436980928106,10.1195957452548,11.4279004241641,11.3227714169582,10.3494547946246,10.244138598119,11.3337080903027,11.2815664363201
"narK",10.5301612229274,10.6295775552884,12.4469027270342,12.2917652998803,13.1654318882404,10.897124454599,13.1524790160193,11.1261711224966
"yfaV",9.63288178630158,9.81646456092888,9.33775864928262,9.25380494705481,9.73793445088473,9.88908723434216,8.55310021618266,8.96180299206928
"ppdD",10.8686133409523,11.1633579721991,10.2971310631241,10.321292836574,10.8404755128514,11.1376799954267,9.5665259284911,10.050241022198
"ygeW",12.5666628145738,11.7881942325984,10.7811522095643,10.8808391273575,12.2499003914926,12.1167490534257,10.6694440698927,11.003952539916
"yfbL",10.4488029538322,10.5853117447042,9.98876968828634,9.7689079768996,10.5510483429817,10.5206441420005,9.1238207573469,9.66777129733803
"tonB",10.1829503316836,10.2589439253845,10.6091388445389,10.5537707305357,11.6644965264183,11.1792851611573,11.9628983975839,12.0667227504637
"yagK",10.3626248389061,10.2258061769883,9.70778510604518,9.71647074966818,10.344637870826,10.19798866621,8.55468022346422,9.52061254446797
"fabI",11.0629200059185,10.8112203808055,11.972639817765,11.9893644960243,11.577598981339,11.1104591555088,11.9623421320632,11.9874103926668
"ycjP",9.4612760487518,9.65418287956775,9.3120088929062,9.00781778125564,9.56295873617838,9.81954670708344,8.35401509188633,8.9462543731972
"yghE",9.77012651883093,10.0109725572142,9.34953087176262,9.03523519261157,9.98566171132747,10.2077450027013,9.16658838628861,9.00138888800172
"yqhG",10.6583298247067,10.6941765119372,9.71334324861201,9.33845088123372,10.8163812091257,10.8138571766081,9.08002763197019,9.38704969082744
"ydeO",10.4143374231414,10.2016606615565,9.97120036167197,9.70861474894559,10.83444981145,10.6101199458311,9.31994725892353,9.83600935296566
"ybiO",9.67099559132228,10.0778587548121,9.42243051803372,9.10196746902004,10.0750273333531,10.1584708428756,8.84973580213472,9.36079308018128
"ssuE",9.7520132754645,10.0232948930914,9.02113681046898,7.79944218860083,9.99969725492948,10.0566759533323,7.65102926838141,8.53407395454213
"ydhT",10.0650119917561,10.0728247771858,9.78414122897049,9.66298748765666,10.3107313508866,10.2776990094962,8.53553647835438,9.53197911610021
"ycjQ",9.91834117354425,9.95929271230176,9.51702892685129,9.4982186509701,10.0387534501912,10.1334049639541,8.78870814170528,9.29499707246134
"fabH",11.2980270198077,11.0606294973481,12.6096135322584,12.5258216402441,11.0078412338564,11.0487171925266,12.3372429111871,12.529318148793
"yncE",10.4714669757405,10.3899697943842,10.582937220178,10.4837274504872,12.4276087934452,11.2509946943189,12.3936944664802,11.7850161993882
"araB",7.30018994355139,7.13506866893451,7.35329037230345,7.98953427675188,6.70542313465231,6.74574432131539,8.77519113545726,7.90469352405456
"yncG",8.89821402513322,9.31388329521348,9.0470355103276,8.5364246704904,9.18014864191372,9.29217449943731,6.85792400054033,8.05932240475082
"yncH",8.51979570420333,8.99115864942449,8.4183655713696,7.55823226411336,8.85759022156693,8.65696818180617,5.85783857141638,8.18276300240461
"yneL",10.1336058904215,9.97954923462423,9.6294756261408,9.3478474188378,10.4004567390457,10.517118100571,8.90763241904931,9.23031321187922
"yneK",10.5532662957662,10.4782089850099,10.1545603649282,9.73387076537651,10.955273887054,10.8653663561891,9.62924274669173,9.9782421590526
"ydeE",7.69445143029312,8.50996115013067,8.46573577665874,7.39865874583079,8.6756775196731,8.87337951798086,6.87808724233471,7.13311010556229
"dcp",10.1858978032613,9.99890501460233,11.2042144496791,11.2889362485261,10.4179658423218,10.2960694960973,11.193831408555,11.329098928229
"flhE",9.29247157525091,9.800104773337,9.6746281469849,9.48456488957802,9.79753298927518,9.92177900127647,7.60823172404911,9.42168833346344
"prc",10.3628633789652,10.2714593815023,11.3872078980801,11.394456107527,10.5073891091646,10.2827969711103,11.1828337428167,11.3298846206706
"ydfC",9.02662020388836,8.94429449093684,9.10819327805191,8.99041867201981,9.41492846057967,9.12152542585006,7.27799626829541,8.66234804478697
"sufC",10.1583820709167,10.0533840453667,10.2816366792965,10.3532967956975,10.648349524863,10.7440230157719,11.608013086591,11.5538858613133
"topB",9.92003960973411,9.79544279482196,10.9977852283668,10.9138437012908,9.92996250004209,10.0812367664612,10.7397190126828,10.8268630163755
"fumC",10.1301305584429,10.4390484340926,11.3612959475721,11.2665396672134,10.2921543996987,10.3799328744741,11.0259677941705,11.1886255468227
"uidR",10.4909881566962,10.4858845786309,11.6481502654096,11.5382395766322,10.6019223745666,10.6239568152487,11.2255444940638,11.499513589959
"lhr",8.81427984397355,9.7959515085801,10.5602028251932,10.6115121529099,9.46581508200795,9.79013973650199,10.0494189108156,10.1821227840011
"rnt",9.60348240949924,10.2017956853922,11.0122154773108,10.9420175152603,10.1018967681024,10.144154980791,10.705248330032,10.8907468414837
"plsX",10.9156912544379,10.675608036431,12.1226947402094,12.0091485741928,10.6889861144879,10.8626963091456,11.7421473571124,11.9600435163625
"slyA",10.4621115339957,10.5021546895627,11.5050997083903,11.4714196091913,10.8848520915765,10.4759418543247,11.2019107204342,11.4328709544211
"grxD",10.5571533023125,10.8671713054997,11.9776234698392,11.8289619967139,10.6967409552227,10.8176691204711,11.3564261830087,11.7894408753074
"sufE",8.95385740039574,9.30690899774059,8.84883071695307,8.57941371486866,9.73592488252243,9.72563398623704,9.90566593875148,10.4258682484846
"entB",10.3517812593266,10.5693469617215,10.3060694806081,10.2798314848824,11.9833619352498,11.6101019926572,11.9588913740849,11.941225250285
"sufS",9.87254187720305,9.9068736432898,9.85767874652303,9.82600073434015,10.626426355056,10.2988566246395,11.1236820186468,11.0083594903824
"yneE",10.2431147425248,10.2418123059889,9.90471288421233,9.62832676977044,10.5612205769454,10.7646560844941,8.74187445866295,9.70876654034656
"ydiF",10.8792904250924,11.0448387022446,10.2629827082139,10.0819350607181,11.0425998413152,11.1557649630127,9.57794572996,10.2556948803502
"ydiS",9.84636696809096,10.1610373757994,9.68334602560692,9.24197570632702,10.309462865319,10.4495225307937,7.8205579457869,9.10622518252768
"ydiT",10.0089348236817,10.201310480379,9.83687788620604,9.54465573678401,10.4760303344276,10.3880413433792,8.92929182480932,9.55719679438408
"ydiV",10.1142649029844,10.3790574366621,10.1906704445806,9.92447016192678,10.5944429850949,10.5049191550924,8.8799565132813,9.86251297675319
"ydiU",10.4150038038624,10.4924273895948,11.5715547390654,11.4842505236254,10.7472464833599,10.6726912891873,11.097143689339,10.900462085548
"pheS",11.1032857597982,10.9274978950704,11.9961285030964,12.0741404175417,11.322288420985,11.3497404039642,11.8747880827212,12.0814823981885
"eutG",9.51045587493339,9.9064441195001,9.0245958734733,8.81216208168468,9.38216988349854,9.80182416963251,7.5068552998393,8.72522196733235
"tsx",11.1211673885613,10.9342865369792,12.3307584798799,12.1797874858516,10.9877260115497,10.9942648525379,11.527222976862,11.8835539707691
"spy",10.7503172881251,10.5565682947184,11.2890219112114,11.4560639862658,11.6291548072007,10.9474952368013,12.6110887596598,12.6676405339126
"mmuP",10.1649435373298,10.3805052714709,9.75391508627895,9.59701033079798,10.1370215258667,10.4365911756606,8.57393420150268,9.38048053120246
"ydjH",9.90498881591971,9.91097965517164,9.68573231683357,9.27143082403448,9.92494546317785,10.1268490564266,8.21848983094362,9.24843201530751
"cusC",10.0235258775836,10.1383255586956,9.82601066580383,9.44700633381535,10.1625536087249,10.3584213748828,9.12471045829073,9.3071836831227
"mipA",10.6020638151317,10.8030206030393,11.8582722240519,11.7960602594157,11.1432705710072,10.9069766049358,11.5588510189159,11.7427372868289
"tsaB",10.0382046398718,10.2635320806759,11.2463914760182,11.2630318966891,10.2963521992724,10.5433870777927,10.9319302324594,11.1038219776085
"yoaA",9.46097293749886,10.1451974484313,11.0288329136851,10.9808746725668,10.251164437111,10.167804330158,10.8066086538337,10.8953336723777
"manZ",12.7426674670689,12.6911821733598,12.031601887207,12.1173955544742,13.0247712050471,12.8468353212517,11.7890295832613,12.009696332548
"exbD",10.8213167377797,10.8666969691982,10.894057477934,10.6851272521063,12.2304934763468,11.8818239327331,12.1866425777684,12.3059227678476
"yoaB",10.9245755067229,11.0079893720357,11.9560346388363,12.0277136712783,11.3179127020963,11.0268607071375,11.8776090496567,12.0123202883919
"yebF",10.8848747257281,10.6152349085837,12.2692262606491,12.4417626827372,11.0527312246362,10.9057607003972,12.3987531007557,12.5351016469975
"yebG",11.0823604814262,10.8584003439862,12.8000195383071,12.929353408079,11.3996100511978,11.0212313034085,13.0040662632006,13.0086700652682
"ruvA",10.1739854728868,10.3385738926298,11.7769431356666,11.7034225347472,10.5988058111236,10.5221725509865,11.6427920015139,11.6821474053345
"zwf",11.0034349034796,10.5185776830709,11.7626921706973,11.8203273241706,11.1419044074156,11.0174152310468,11.6570099460761,11.8394184906726
"nudB",10.920134855646,10.6697874693467,11.9414835611791,12.0078061152772,10.9896583732488,10.8523165503727,11.673473460374,11.9449625075671
"yecR",9.32116663980524,9.36238160595711,9.34447096232567,9.16568076070226,9.66727270272821,9.59997288150543,7.37112311985287,8.69675451386312
"citG",10.5248504270782,10.887183791548,10.023967185347,9.71392427636184,10.6781341916843,11.0915347917793,9.05986163678423,9.82303466507927
"tap",9.29062760526782,9.53946197999466,9.36973077083295,9.03541943840676,9.5507376187748,9.80089484727998,7.66699361929573,8.91793794064648
"ftnA",12.2217325832149,12.0341367980805,12.0733341158322,12.0708745980316,10.7119976966394,10.5181582824858,10.3576540329887,10.6669978575053
"yecH",10.3682881000532,9.88393878092517,11.4206829255777,11.4844437348025,10.4278205189299,10.1071430954953,11.5146866037022,11.7095998111977
"fecA",10.7194872992735,11.158402555567,10.7575957525307,10.792509513221,13.3389117741734,13.3469977665666,13.3755941283509,13.2364470644736
"ygiZ",10.4151761327976,10.4050751214691,9.81653402793932,9.68195300324632,10.5537157534782,10.8723745642826,9.46883485694509,9.74881109454411
"hprS",9.45674784695327,9.61721441557657,9.26549206668713,8.91595770674012,9.612535386827,9.75103901809233,7.21074557352062,9.04605369884536
"yeeN",10.9984723478539,10.5939504832157,12.0628577083235,12.1387000634382,10.9885937174537,10.7633949580579,12.0343369052097,12.2669883977102
"cbl",10.277777835446,10.3191279549438,9.83851080888534,9.53507974245308,10.374738989382,10.6625743888271,9.20188114035245,9.57061791537422
"ynjE",10.1788829761656,10.5320093471755,11.5322831270146,11.5659562195003,10.7397887958876,10.6035796835995,11.2709718318304,11.4453017974992
"cbeA",9.57672283483743,10.389495047048,9.64975533615164,9.50195533384743,10.428936390914,10.5029007407236,9.23391172349838,9.27570712007931
"yecT",9.70177476009715,9.83485825617494,9.40419479230413,9.12773649311306,9.9580043523468,10.1936755063453,7.75833180039755,8.9680875176788
"cobT",8.20290741434156,9.02127786600427,9.29967990898714,8.73869565314954,9.18560663367283,9.26944708957551,6.80085947830223,8.60363591494351
"dacD",10.0320381277784,10.3800331453892,10.1252113657017,9.71412638395222,10.3045024100498,10.5938296127917,8.79805440504627,9.76945316518015
"cbtA",10.2504487657067,10.7330951687709,9.96269342510866,9.54979952988059,10.7301874560794,11.029888944155,9.16854072187456,9.78866095530477
"yeeA",10.5448858441801,10.5125787315929,11.802387828056,12.172441320635,10.7312072100379,10.6371278227419,12.3184825670818,12.427639397925
"sbmC",11.0985443402579,11.1446164244752,12.5866360834242,12.827184695336,11.0546856258054,10.8034223096051,12.9384992291639,13.0921842637713
"wbbJ",10.5406812606817,10.5330833005263,11.6679973156582,11.6619837546718,10.7673698605219,10.3819527795327,11.5202625703445,11.6401956937036
"rfbX",9.97799089964493,9.60663076265112,10.9099844685747,10.9362675575507,9.99360910507627,9.74314613512126,10.8445934142017,11.1443215340183
"dcuD",10.5969681418507,10.8389893879863,9.81852589098327,9.82140471414858,10.7143527249356,10.6398696710755,9.30003117146837,9.70858985867538
"ydbK",10.7873899166545,10.8391694210985,11.5362456981967,11.6465835419651,10.3842407500377,10.5367424990478,11.6380220911266,11.6938764000499
"yegL",9.91131612852396,10.1438347158332,9.49634824840259,9.38283035482844,9.98411910028697,10.1987668407601,8.87969426364745,9.07221628781121
"nrdA",10.8316635685723,10.7286752261458,12.3901955848654,12.4951359669759,10.8213327864839,10.8649664755862,12.6198987676245,12.5580611609236
"gyrA",11.135867573782,11.3151892494116,12.2970131959135,12.2999704184242,11.7472409590171,11.684394094757,12.1442390025529,12.2172457746756
"yfaA",10.0342049414567,10.1245941111882,9.51075063874726,9.04431570494802,10.1462056077781,10.3985564312944,7.96623472947122,9.09384100455212
"yfaT",10.1655031359411,10.5476463637828,9.6430089439691,9.25201879285713,10.590882895794,10.739672509918,8.77043562968533,9.35065608512422
"yafU",10.5406721012294,10.6080532555218,9.46840178758038,9.1029709239471,10.5115289221602,10.6845999238068,8.83455171208613,9.32702789124358
"yehI",10.0096511240487,10.3456746555851,9.84164114346409,9.38408046774683,10.267365860077,10.3426642938634,9.07136570324293,9.3790239168135
"pbpG",10.0399081695005,10.2247728991683,11.2021528818035,11.1118458972895,10.1144147327354,10.2130438437075,10.7828421088822,11.064311842958
"fabF",10.6700235956434,10.6158677172557,12.3744524767504,12.230094573437,10.7245680221671,10.6916823790775,11.8684121173377,12.1426555872077
"nfo",9.91286715524269,10.2244381269228,11.2821686128919,11.2419852480449,10.2657577895122,10.3406877663225,11.2956688494539,11.2767786439605
"yejE",9.37657402262411,9.6847431441691,9.10311244462539,8.6187912923642,9.42070749870865,9.8797045989688,7.45894053271182,8.51879436029147
"yfaH",10.2343901628506,10.5425166766433,9.74003414733015,9.55966410449047,10.4558296496953,10.2395758965684,8.49802303756272,9.57329397890474
"atoA",9.91152102221031,10.0898096170692,9.43581539489453,9.14470485121732,10.1654891390906,10.3236142463561,9.2107767097558,9.01226661677883
"menD",10.7377200300902,10.7232789958373,11.7066025870793,11.7885572305868,10.9760664023955,10.722386432292,11.7376118709555,11.8257525912993
"atoE",10.4450922163464,10.8798382537176,10.1134042234419,10.0728831456017,11.0314215103625,11.1127986640816,9.99718332441757,10.1155692213525
"ymfE",10.1484043383844,9.98117736837948,11.1345014122292,10.9958396672736,10.1831413402811,9.9037698084119,10.6834067429674,10.911727438283
"atoB",10.1045951571991,10.5688420970906,9.99083613917746,9.86248272718154,10.6425162537493,10.6862887455121,9.46703860908744,9.85234959798047
"yfaQ",9.83122501504594,10.2376860443731,9.38103747139312,9.00666926517634,10.2218999379575,10.4756800320831,8.01023798864796,8.91027177406509
"nrdB",10.4860875184617,10.5919321631163,11.7431840726809,11.9573164719561,10.5470677874202,10.4313637502374,11.9957018131573,11.9827177765853
"glpC",10.1703058293573,10.0788313340484,9.72930823508919,9.37565054406934,9.88034402624118,9.9299934424609,7.63271536054302,9.59139881204439
"menH",8.6408364482879,9.34971120374534,10.2917841941327,10.4483712340752,9.08483872803998,9.45442316326572,10.4526241330089,10.5213371850856
"yfbN",10.3695478153546,10.4840644756686,9.84784978921734,9.54636167462417,10.5969783848857,10.3365030741546,8.96180236930773,9.74520604370251
"yfcE",10.7779718615563,10.7906514032303,12.0320087496631,12.0281070549032,11.0210211613628,10.8902079964827,11.7952774389938,11.9706766208714
"alpA",10.7870391725888,10.6406012493695,10.2908999432009,10.1395481583199,10.8780454240111,10.6326231026041,9.34170697433545,10.042093585902
"nuoG",10.4904381123058,10.7403153289731,11.8345604203924,11.7080368166214,10.1875660138484,10.3902906409592,11.1392295725148,11.338978320639
"elfD",9.74800147431033,9.94818013055865,9.21420985562825,8.70086941925963,10.0349326239443,9.89348640853354,8.18588977533828,8.82312182791745
"ackA",11.6591295225607,11.3723746326361,12.6059986972963,12.6847013873925,12.3529407487797,11.8749557500833,12.5012063324399,12.6336418846793
"pta",11.1442564974385,10.8242776857718,12.0268891079686,12.0920880302637,11.9342284878772,11.2881836207632,11.8326113987218,12.1790010866788
"rpnB",9.81970468105081,9.94818013055866,9.25688252488508,8.78949951111639,10.0090369133607,9.90008023630465,8.67413278661343,8.74923042359553
"ndh",10.3229448905049,10.4312331479375,11.393672026258,11.4655648111214,10.2223245783294,10.3761591275149,11.084972359523,11.3130938296886
"uxuB",10.5678184001495,10.9110199839081,12.0645395870784,11.7825899839111,10.6085407227012,10.6836638243979,11.120721854704,11.5553906106086
"accD",10.4549785036703,10.3440864272806,11.7128458118042,11.7073036927935,10.5389825956143,10.2643599589336,11.4939049648445,11.5814997601176
"prmB",10.6976263531162,10.5230603530248,11.7309463755151,11.6911791526399,10.7380896208902,10.7813571527569,11.555346077457,11.6362477516572
"mepA",9.77811706414013,10.1506836397287,11.0291079870037,11.0006558971816,9.96168185636767,10.0075485562733,10.6288812787758,10.7632153140053
"napF",10.1907501782824,10.2030382320602,11.5395814142645,11.4495339709994,9.8307382396669,10.1076968232507,10.7941081477951,11.1392427023741
"aroC",10.170257503266,10.4271313974359,11.3358624364957,11.3865136851333,10.35960888084,10.3702085905734,11.1585492932005,11.2677358518743
"yqhH",10.1715413404598,10.4575059305039,9.60471372975006,9.32331427636879,10.5312566355525,10.6897786320224,9.26620546198771,9.25885307461111
"fecB",10.4045556498528,10.8424952154278,10.3771633130864,10.420136859885,12.6887053228053,12.1701821373325,12.340082626409,12.2092873877107
"fecI",10.4972834750884,10.9663018782525,10.4637721159976,10.2472337991215,11.6355508207882,11.3223974039848,12.0139979724695,11.9907498889869
"ypdF",10.0257307354125,10.4623277217625,9.70240543534622,9.3549698912856,9.98863656386306,10.3120731235394,8.68981341144018,9.39762580152755
"xapB",10.0434919797209,10.1128102766922,9.61750943450733,9.37816333983609,10.1068119882221,10.1890649114005,8.95826338017215,9.33592261611659
"yfeK",9.89230149568234,10.245697534186,9.541531051905,9.28580070720447,9.99493694637252,10.1756905785239,7.91494531385394,9.49818980406182
"xapA",9.85894937759318,9.96938202562727,9.11335981871623,9.04147124663983,9.97369288400373,9.90688590086413,7.16324070472624,8.86339200767916
"murP",7.09410233469507,8.60686925486936,7.53218633296611,7.17946041384312,8.0159754670459,8.32835614228202,4.66756067605287,6.18987511553062
"nupC",9.62638780187296,9.82124533560492,11.0345557210738,10.8151100037625,10.0201013109682,9.95138863890671,10.3939394329518,10.5176238297216
"yfeX",11.213463897641,10.7849367600953,12.308551458177,12.4663624925969,11.358300340294,11.0720012023943,12.2416406025574,12.4731317656552
"yffM",9.91831875211125,10.1936755063453,9.32065698359091,9.11550423730141,10.0403428702378,10.061001193492,8.79455260319371,8.945832136496
"elfC",10.3471997744789,10.4463371504294,9.58231362698879,8.95780355390986,10.3691560647762,10.5123215173785,7.76024443697639,8.94581879304446
"eutA",9.85543673857897,10.4525886214508,9.56541253021802,9.26626269971078,10.0143648845324,10.1706548501444,8.59850618348476,8.85835613439079
"eutN",9.56386469803409,10.0546089455302,9.44011138804234,9.55013873721933,9.7611230032076,9.86309649756281,8.19002856594653,8.85046763179039
"maeB",10.5077994284393,10.3071247402845,11.5544768479486,11.6870314836734,10.1716683977688,10.0198476784815,11.2335700641449,11.6542150510005
"ymcE",8.88398652409984,8.88241634956992,9.10356988554019,8.2017403731598,9.29375182869436,9.52052409458069,7.66318324598434,8.923753401584
"ydcD",8.64064778361021,8.84610645512806,8.55932728997766,7.74332180189674,8.83497534966365,8.79074557351504,5.83905886116029,8.26519499553275
"yaiS",10.4835105794693,10.5246927366324,9.7364729382875,9.35941385331485,10.4221929164088,10.5526808615254,9.15702317955092,9.46796970513126
"ygeX",11.8092214803633,11.0278214992803,10.3649679813704,10.3683866988288,11.5341311992737,11.4454112905343,10.456357272065,10.5059995299899
"yphG",9.95396142488729,10.2845378294077,9.83630875036104,9.64206293978236,10.1639724219338,10.3405014755473,8.84930763248406,9.43390084121596
"wbbI",10.3235505530555,10.4084776183226,11.5014346694679,11.4225592587375,10.5456997052267,10.224923831318,11.2999378284943,11.5953656616259
"uxuA",10.8595726966569,10.8756062299568,12.0691744202829,11.7558606714519,10.5083131582481,10.390012306906,11.2274984048937,11.6499881527054
"yfiR",11.1569802383182,11.1100841259518,10.6085500553741,10.5586033883188,11.4984187499546,11.3253184856834,10.2180344730911,10.4057805370996
"dgcN",11.0504668418866,11.1418779266023,10.6058107086812,10.4347660085015,11.5184585277452,11.5174397188233,10.3752999952708,10.4305142153493
"grpE",11.5169516730847,11.3671179786512,12.509217209236,12.4938319395241,11.7218689807031,11.4989504390507,12.0087382013144,12.1770794180488
"trmD",12.0925593607434,11.4050521115568,12.8761948680958,12.839713827287,11.9070184132169,11.8922114448117,12.8469343507091,12.8792217263926
"rimM",11.6813118302327,11.1151207000242,12.9174880491504,12.7248905122924,11.6653975884167,11.3865194627458,12.6928561994099,12.8347481168725
"rpsP",11.4977729062981,10.857543895245,12.6151408700918,12.4304190650763,11.3206577815725,11.2420223915317,12.4305019475583,12.4616385125335
"recN",10.8858396676936,10.7482898704682,12.9138049714943,13.0546507409785,11.4502652261168,11.2414728775104,13.3520216023963,13.1891999605951
"yfiL",10.6716488676706,10.685866140667,10.1073119082816,10.0114629213954,10.8634084282072,10.7716086748478,9.44903329012176,9.86096764354131
"idnO",10.7835715143061,11.0285777987949,10.4145491112304,10.475481153565,11.0115076939863,11.0601258777151,9.69209270494098,10.220676844012
"rfbD",10.3087559310848,9.90387597375079,11.3716701439898,11.46672584517,10.1642973875583,10.1424150614629,11.4705108365451,11.5563090679853
"cnoX",10.8174808643036,10.7851352655623,11.8496587435061,11.7888667975686,10.9215597150344,10.7551979454343,11.3787020063209,11.5574622062595
"lysO",9.74544560063753,10.083080981751,9.63434430386411,9.48329737034731,9.76776261402591,9.72960424179477,7.17399668834767,9.27291404142161
"proW",9.78473223568735,10.3430499229744,9.86695624322652,9.72498713122135,10.0640489778715,10.4145344229841,8.94216616039966,9.37984076744555
"alaE",10.6099754419738,10.9391177396267,11.9773235314551,11.9824131994765,11.0626448844457,10.5364875646872,11.7148880934761,11.9810717875014
"nrdI",10.2558800371726,10.286987244266,9.92703768943836,9.50820534871343,10.9402585380311,11.0662464695318,11.0380330457076,10.8934887778112
"nrdH",10.4493553051455,10.5534329185696,10.3846011058486,10.1685384952465,11.7154244716588,11.6218215172976,11.4970225418153,11.3630829945446
"emrB",9.62201279830959,9.85733507061448,9.47270421824512,9.20897632096389,9.88187393075388,10.1218014447853,9.16151208508225,8.49929171256033
"recA",11.6075003561285,11.5863277225687,13.4383811649377,13.5770226437743,12.2390726790626,11.8351190035348,13.6816837556428,13.5792541216808
"hypE",10.5111318412089,10.658399955304,11.9992502363835,12.1412480073746,10.635062165482,10.9071455826666,11.5236829315598,12.2017783794909
"elfG",10.2797108011709,10.6133398042294,9.84638469574468,9.60358722403652,10.4836357756647,10.7442134523744,9.38941555282552,9.57777867358299
"hypD",11.602233451695,11.1338626580293,12.6185443798771,12.7080593586439,10.9776564073367,11.5177293561688,12.1245242264065,12.5782097717979
"hypC",11.8687249095702,11.4001535206173,12.740055326783,12.8313087451526,10.9672240076118,11.8030839408007,12.220435406362,12.6879122247359
"pphB",10.6128128173653,11.0395167034868,10.3756449946493,10.2188033652647,10.8044041882972,11.2102084427631,9.76631667275045,10.0517960789745
"casA",10.2784458294339,10.3825952321533,9.93284338577466,9.8988570084491,10.4876079936496,10.4693722327449,9.08020747276278,9.79400456819168
"yajI",10.5215033232018,10.7098888565059,9.96095359652854,9.82769319201567,10.9476370810913,10.8643853009309,9.47614018887275,9.84917357008035
"ygcS",10.0960808944343,10.253127386392,9.70778510604518,9.38647478655865,10.3105164579812,10.488401908387,8.76605454627214,9.37906398448187
"yqcE",10.9791797184217,10.9033353925068,10.3584544202579,10.3074818921067,11.1171102405083,11.0613751616225,9.79087579700127,10.2830185726449
"gudD",11.3571624367541,10.9950050255704,10.5266388928044,11.1259196438525,11.9520108857622,11.7518423607534,12.0423038656867,12.1052124577032
"sdaB",10.9213507849954,11.2458225159548,12.55800508336,12.1875713180169,10.6934780931877,11.2409329820743,11.6894614971655,11.787341082821
"wrbA",12.926773374515,12.9511704974404,11.8523090544215,11.9648765808233,13.0940033374337,12.7352089907349,12.2119842301965,12.2015819139483
"sdaC",11.3723872792321,11.7520508514139,13.2625899343537,12.9758697938016,11.3733318373021,11.6392827627151,12.7324052845043,12.581376405795
"pphC",9.51466816888966,10.0902030539297,9.604695769692,9.3451352664325,9.84842441488679,10.0198789810542,8.00692688993735,9.25706962055763
"fucA",10.9409858411885,11.1286397141123,10.3124540254998,10.1317242563784,10.799346879707,11.0970451894401,9.74233431124321,10.0344111562662
"ybfC",10.1478208637003,10.0777303641708,9.80659223696066,9.77101087312979,10.0416357464636,9.96197426272175,8.18516215436953,9.58313326695424
"argA",10.4613741841536,10.9243615761104,9.77069591211174,9.73270321702475,10.6180038243219,10.8310405437415,8.99879777797242,9.56254254442217
"ygeO",9.94503458302432,9.77682582062663,9.48858706001313,9.26794977384534,10.082631245027,9.87322975045378,8.3804475408027,9.28600088196214
"yeaV",10.3505092827314,10.4738118736128,9.92708215404751,9.64886911185057,10.5546807536686,10.7879335853778,9.33058901542474,9.7365528893813
"sulA",10.6426013949609,10.7279411268092,13.1623806324168,13.2972760116608,11.2178043812764,10.9054946332939,13.4927043000333,13.5875281255482
"ygeI",10.1914670945096,10.0902185954093,9.41466609806568,9.14451634188572,10.7142715377926,10.2776456370569,8.89050628351582,9.752064669306
"pbl",10.4095076702452,10.0168005403975,9.31966506780413,8.8511635329928,10.4668370252603,10.1671398391034,7.14019189065194,9.52493139717996
"hyuA",10.3655583852726,10.1672955062357,9.40183871576404,9.26983237500178,10.5075865365851,10.5491027743161,9.2088864354493,9.36356237206186
"ygeY",11.5929393627891,10.9347942897769,10.2860625765713,10.3167022576034,11.5450025945617,11.3981407737992,10.0097834450426,10.4101099753387
"guaD",11.1533789765113,11.0880093413132,10.1701131664359,10.0705576152136,11.2401392531904,11.4099044833189,10.0966639857774,10.1055877685341
"prfB",10.9361739450978,10.7913638716276,11.9934708026036,11.9483193992521,11.2745631394118,10.9695090308834,11.7721194282556,11.8206308790631
"ygfF",10.6361383707767,10.7052892231503,10.3107037045716,10.2015838459932,10.8166101047254,10.9200713431279,9.369045191186,10.1870388481994
"prfH",10.0623924450851,10.1874928398121,9.23695906752479,9.09736606915705,10.1466524245034,10.2123805400072,8.96923826887026,8.91948932464735
"arnB",10.3663856377283,10.7002202418878,10.0069694802287,9.66888052678121,10.6499313621417,10.8827748611364,9.6719147117115,9.76557603412709
"ygfI",10.2483109904754,10.2729266770886,9.53233843648822,9.27009280554239,10.4249006641388,10.3992480424994,7.29243491591106,9.16738806094624
"scpC",10.5240392664806,10.7244150763127,10.0530664271771,9.95030552222199,10.9318594198041,10.9956210873047,9.63743418734744,9.8900526716666
"scpB",10.4701798575922,10.58577945839,10.1715158263925,10.0723347470544,10.7751961571711,10.7332746944094,9.46974324540657,9.82137041093561
"yggF",10.5972696373021,10.5923575692318,9.96625022892836,9.8676683560337,10.7237649205169,10.8201753165174,9.70646192198899,9.74061877627725
"argK",10.6447111574808,10.9411370389362,10.2757216490926,10.1502544739436,10.9621933448825,11.1174107967657,9.66543546113697,9.96751992883648
"argO",11.3938579843629,11.0751567389815,10.5752999211479,10.5115463263439,11.3460964192716,11.4331591459654,10.0782782106272,10.3793649498947
"comR",10.4182321254724,10.87976255561,11.7688671010854,11.6748738640111,10.5705613687091,10.5185884710909,11.4370811184818,11.5117219030612
"entE",9.11699320556341,9.72538555165966,9.43274710645097,8.97877440744981,10.9941469583269,10.5068147378991,11.7540713195428,11.5877760520821
"yqgB",10.4662139653649,10.6383199470792,11.6929409980043,11.637312802643,10.56688351683,10.6690376275544,11.3415865788537,11.5575638760627
"yggI",9.64661207344908,10.0405477498641,9.77431331992579,9.26860942098075,9.79380141391153,10.0995080840279,8.4189687415954,8.8218899667986
"pppA",10.6180628823872,10.7106547647401,10.0301597467414,9.86352719405214,10.6422668233352,10.8120534995418,9.65146933153051,9.80098855166442
"yghG",10.323977431277,10.4574619605749,9.8204606966554,9.70286228913126,10.4608853097684,10.5609417675052,8.49972759046617,9.53784898593197
"yghT",10.605703894716,10.8605997835806,10.0100978937006,9.97714402084888,10.8653655376461,10.9095326990724,9.47240408118985,9.77359097154371
"rfbC",10.2334682184198,10.112973370846,11.3484264316803,11.4138565573716,10.5374553458489,10.2133677009099,11.164423628911,11.4036472502262
"yghW",10.6688822158685,10.729787652775,9.98654068969971,9.7888629914884,10.8120077474541,10.7799359473399,9.66560596241091,9.90161644642281
"ygiL",11.1293714788504,11.0027624903651,10.2311986842003,10.0512159086536,11.1950166950299,11.0231493058261,9.72587438343754,10.1901509097974
"yqiG",10.8261638215363,10.7926860944686,9.90138088983116,9.60908940931798,10.95590376825,10.9133162575506,9.0518241244284,9.67982835795967
"yqiJ",11.0919570511897,11.1384336938992,10.3180375613496,10.0354554132435,11.2415458924776,11.238872617557,9.45373649874392,9.73189013218335
"yqiH",10.3627666919245,10.3591133276244,9.16373790553152,8.6641691297741,10.4906432946585,10.4283220997521,8.42023636601058,9.21437656120483
"flgI",8.69981591231264,9.58375900689207,9.09327207488711,8.75640972550998,9.10761306998862,9.29941683943654,6.40101519964216,8.07254665600045
"yqiI",10.8229671183688,10.9101561531338,10.0176094308983,9.81169311323628,11.0676003189708,10.9676711049909,9.39087624938739,9.8718865831468
"yqiK",10.3613800679737,10.5520656481923,9.95434571801637,9.4441217598838,10.58992508359,10.6872635845844,8.67557144984299,9.29805540813449
"fepB",9.94489003556847,10.2933109645206,9.92491609990518,9.72887180239561,10.4232721933369,10.3812945268948,10.73004284939,11.0645722688183
"rrrD",10.853525874939,10.9626421976436,10.3738605149179,10.2081263511316,11.1240551846437,11.2406509642131,9.88189301877415,10.1461412893422
"ybgO",10.0800441301864,10.4254749104576,10.0002024591436,9.58350368115397,10.3122565209781,10.2723485504114,9.03723916986544,9.3106056840873
"yhaC",10.2330681786821,10.4338429502087,9.70407400688665,9.5481704400928,10.4307181679036,10.2368592721216,8.94636837480742,9.64014508483933
"plsY",10.2363337483291,10.7229649180713,10.1532313808818,9.75958978840501,10.6802243410215,10.7485320032926,9.18705991831052,9.84662565853706
"yfjV",9.36591803378687,9.71487614728668,9.40009697880327,9.07300550321097,9.45840020675852,9.93718528790719,8.13249237852922,8.35328043967263
"ttdA",10.4343566435447,11.0731044265425,10.1355424142866,9.83822819720895,11.0229443667457,11.1016123250017,9.33318773637685,9.77523931466315
"ttdB",10.3174090816702,10.6022940757638,9.76305469322335,9.6888509631472,10.5512103846425,10.7061036219022,9.49405826903096,9.67595152321573
"srlA",12.8414138945531,12.3543494528046,11.3704812375055,11.5340892208948,12.7878379938384,12.8146854693603,11.7731927801465,11.6701780984917
"ttdT",10.2591417959885,10.7062215615611,9.81784223067454,9.72887180239561,10.5238038969192,10.7611024109408,9.483715828761,9.65954442413677
"rpsU",10.4451409737357,10.4523667381363,11.9444793975802,11.9271286313611,10.7277051196803,10.3286860445878,11.6459698779863,11.902656569353
"ygjI",10.6136698378031,10.9762289493843,9.9455289678723,9.75925937278006,10.8534215604778,11.0940186679338,9.66445172139643,9.93723711558281
"ebgC",10.3801739850942,10.4497606901284,9.47439804463085,9.28970784712069,10.4642627876805,10.6203164204204,9.01338065433048,9.42114920758341
"nfeF",10.8171429412768,11.0308059881012,10.4995331142734,10.4651039093319,11.3188723479883,11.5753091123072,11.678919280918,11.6751215316116
"ebgA",10.8195833519395,11.0377163858837,10.2274137893218,10.0496207804159,11.0235674564279,11.1085937199585,9.76816133516903,10.0295339773192
"ygjK",10.6835891090303,11.1584444327164,10.1539499683996,10.0551159996459,11.0693858252297,11.239722632562,9.88493175290551,10.0365258886726
"ygjJ",10.2890066188249,10.7033440001234,9.61698502241124,9.2996974117717,10.5932164421716,10.7468187709042,9.08276632782357,9.67312944241288
"alx",10.6609457204034,10.857766721709,10.0059493813549,9.81735130555249,10.594064201245,10.8827912525292,9.70319942229819,9.73448287282642
"ycgR",9.80009654283178,10.0941104819267,9.43436108754794,8.94213875757586,9.90288951816328,10.2744833884422,8.74497327379481,8.93286617520181
"yhaI",10.2791669003118,10.802899998849,9.71875138913556,9.5904146875224,10.4493151984385,10.6851840593032,9.38381401556798,9.49997484292906
"garL",12.0741766424839,12.2207315034987,11.1743776263787,12.0575265751746,12.5519168544319,12.629339478399,12.6661074998118,12.7259223211759
"garR",12.2008775773142,11.984662107005,11.2597985546269,12.0925798404609,12.6776088537384,12.6759006507973,12.8476739332509,12.7658552057092
"garK",10.8473704243433,10.9659129159256,11.1163421955655,11.7827666287833,11.0645722688183,11.196377777048,12.484286641746,12.5168525516506
"ypjC",9.39715380220487,9.03822456229114,8.27453787342814,7.42406324183063,9.46219066892246,9.22386891498952,6.56217485977374,8.30633231646989
"agaD",10.57713871795,10.7653922937875,9.62650202412993,9.68329539865672,10.6956968135143,10.8354884730743,9.38297408950609,9.87093779345509
"agaC",10.2575642318174,10.5393016014376,9.32707882167372,9.10037116176565,10.3231932480247,10.6014135338364,8.13030802083803,9.41500931881638
"agaB",10.5705356072725,10.7374492091737,9.66333485668857,9.38840512697793,10.6231927779784,10.7114000853941,8.85134889106324,9.68361497621207
"yraJ",10.5346762840726,10.8351710887091,9.7564102838887,9.79699932306102,10.6619506710028,10.7931658067049,9.60962818047862,9.74029715043726
"yraI",11.0041313872979,11.2326571735342,9.97137252911399,9.90566691701596,11.0994364388593,11.0438974331837,9.7054322399595,10.0592125082931
"yraH",9.86030620612459,9.98346590929502,9.15468636855275,9.21561850763365,9.96830229534988,9.96460269779088,8.34127748599342,9.08599619807527
"yhbO",10.4883879349039,10.8077801634959,9.56456801577309,9.5948832767567,10.4252924623455,10.5227863706647,9.75425357707513,9.78876136820774
"yhdJ",11.3682319064632,11.30820969739,9.94137744521467,9.91595746006047,11.2622794135097,11.3283723532829,10.3653621485768,9.96592231358391
"greA",10.2637941371255,10.3193381240655,11.3032688869292,11.3289812036555,10.5017074157931,10.6076553247206,11.0059730475026,11.3480360297726
"fis",10.8627986638396,10.5347097475639,11.8767638227182,11.741225047764,10.9184924158081,10.6291207816495,11.5612852604409,11.7496671627099
"yhdU",11.4485491687485,11.3510121252084,10.1870717724169,9.81204240584017,11.4350825820997,11.2087249098738,9.67160540134401,10.0406132229189
"yghO",10.4294512605275,10.8708306976312,10.018594853016,10.0619180494674,10.6312782072053,10.6179212955806,9.28255175928049,9.75698126278757
"envR",10.7677537854921,10.7382443184584,9.52373217797554,9.35309338841872,10.6750308307133,10.769978258588,9.21384656720291,9.40447798959039
"yhaB",9.45367688916809,10.0353552997524,9.01985693580122,7.63494834084896,10.0347946661483,9.880919748072,6.56776378993999,8.67863396705214
"acrE",11.4686435913172,11.5459821623469,10.165267928415,10.1065824516085,11.5185673048631,11.6112432259236,10.1447929357447,10.3536862932909
"nuoM",9.62435219585641,9.80408913845201,10.4296497958785,10.4050564211542,9.33510419035917,9.66568187932065,9.10258767178907,9.68518021589474
"yhcF",10.6958766990044,11.1383834061982,10.106683678281,10.0282532283504,10.7949898479034,10.9275992096599,9.57971675054875,9.87737521144864
"yhcD",10.3113190476959,10.6408322102203,9.75603668149815,9.75529967338774,10.4426905111988,10.4479661869668,9.20951765574201,9.50124262106135
"yhcG",10.5531862328471,11.2630829366022,10.0010714526998,9.57827915882525,10.7568805813225,11.0835287599456,9.13095359737506,9.59387026506665
"yhcA",11.2741441242907,11.6495860745314,10.3232243438177,10.227757902118,11.5025060041311,11.5365470544661,10.1824866396176,10.345134492794
"aaeB",10.7450562221717,10.8936978480239,9.63629438137204,9.27094555209856,10.675131941197,11.0987794507768,8.12539733092203,9.57127367551891
"aaeA",10.5055594187203,10.4747659201906,9.63028281136368,9.73170474302754,10.3309270932501,10.5804993525309,9.12496760092765,9.34558782004293
"yhdY",10.3894238989403,10.6967200574218,9.60232687034625,9.35924020656188,10.5542503453721,10.765877174664,9.58422546822095,9.61380383071957
"yhdX",10.7120773150831,10.8707281434823,9.61738791892968,9.23225497105262,10.8521766010195,10.8297202587393,9.28683928727293,9.60215492938239
"yhdW",10.7253412896982,10.8333561402661,9.50511981745425,9.23818919486753,10.7535487890624,10.7190981641167,9.39187805032362,9.60237715686613
"acrF",10.9779972325594,10.8379570056141,9.76693776777977,9.5141424480487,10.7361879534537,10.996148704387,9.58950116694416,9.56194947279815
"zntR",11.0756023856605,11.0815581784861,10.6873089313564,10.3719736091842,11.0370306679301,11.2003664474959,9.82264040957098,10.2205244927239
"gspD",10.8544579509351,10.8869567637687,10.0571239019606,9.99275566434785,10.9415477471533,10.9446182762462,9.66010177419685,9.88611208504316
"gspE",11.1563078679309,11.0891717065538,10.2154125430601,10.1218712270747,11.2128903754118,11.4840711554266,9.83711261441303,10.0884566099888
"gspC",11.3525712575407,11.3154333162275,10.2859336305381,10.1248995272201,11.5369869662548,11.3011864027278,9.88579690309206,10.1870898792339
"gspB",11.176321842732,11.2092711740435,10.3138533944513,10.2251332976248,11.3386810505659,11.3677920344226,10.110237586084,10.2871064370882
"gspG",10.8451323327321,10.8439917636908,10.0617535528558,9.9677335644615,11.0345809987508,10.8997541467645,9.90895078925971,10.0143648845324
"gspF",10.7746225072357,10.7097848799224,9.97373860993702,9.59756496770204,10.8962442716308,10.9482925578607,9.50464816932817,9.55258012924666
"gspK",11.0027249329568,10.9053038889088,10.1043907935467,9.93881732601143,11.1630973657138,11.1528831280239,9.49096968090448,9.83839138262949
"gspJ",10.8971902759979,10.8701381852551,10.0959554159249,9.86488249894119,11.078545659585,11.0634141092798,9.58245602846113,9.75365442759174
"gspI",10.9251314860443,10.8521368900206,10.1212070117326,10.0341611630494,11.0333322731594,11.0578874103082,9.84651985499016,10.068535619143
"gspH",10.7734264524516,10.9733196972985,10.0613545563511,9.85299422056287,11.1014365558133,11.2854122621047,9.62969211279355,9.87848234792622
"chiA",10.8490421324264,10.7705742090555,10.1254252591242,10.0816663532161,10.7219286954304,10.8237842746473,9.17756747771431,9.88128305268164
"gspO",10.8242065083422,10.7590714826818,10.1704930936848,9.844533606372,10.9668454114147,10.8871038964451,9.47536192005012,9.94611190494683
"gspM",10.9489418123991,10.949978968534,10.1015612810071,9.84724379366768,11.0523332790971,11.0447719840827,9.15996314262397,9.84119909497512
"gspL",11.0523570679285,11.0679727681006,10.4150998128085,10.2991995480046,11.2169765314826,11.3299664200463,10.2329308024654,10.247013671022
"nirB",11.5997505595843,11.0129714674161,11.4744015026183,11.3207415308868,12.3151098047484,11.9784017396832,11.0624049480748,10.6507697068892
"frlA",10.8722186260766,11.1674411205303,10.1386261869167,10.0180219191726,10.854742802709,11.0709528163952,9.87305474152467,9.8857460514266
"yhfL",10.862461429126,11.1802843240089,10.2471820977571,10.047801296139,11.1400479809372,10.7603423766509,9.2801020530159,10.0511300894906
"nirD",11.1122067815168,11.2049953301202,11.2002521249367,10.942482648385,11.7750430806768,11.4338204830236,10.5704707407148,10.2832769292524
"yhfW",11.2468953184504,11.2501649695997,10.2576715329571,10.0933356421921,10.9991319026138,11.0273720763418,9.8049462401353,10.0091950193957
"php",10.1953462476642,10.1336151686175,9.04700157138616,8.78796200452828,9.87497654791493,9.95455530484375,8.32331751706458,8.36270125601356
"hofO",10.7879672429254,11.0925120745653,10.148244307082,10.0243138611477,10.8049630734566,11.22531479728,9.86127341397538,10.0211934433209
"hofQ",10.5759946300645,10.6489035699708,9.76817003953763,9.62862619242365,10.4884077583748,10.5965362931349,9.45605252531387,9.62093512417119
"feoA",11.0878510788215,11.1349808526398,10.7396318648833,10.5212090948069,13.2666385562842,13.1214520681752,12.4257892028706,12.5142386437661
"rpnA",10.8558790733089,11.0806865063009,10.0526986644478,10.0283524748698,10.8297825549669,10.823463470389,9.7371056530926,9.91517811639607
"feoC",11.1201232560778,11.1272812839707,10.2930316946959,10.2141635199627,12.7822370810741,12.6840347539678,11.5643028045245,11.6519914233443
"feoB",10.9917250430426,11.0586950094358,10.2224529068652,9.92168074395128,13.0541489874237,13.0032077110134,11.8110011020903,11.9779337953917
"rtcR",10.2277643734472,10.5326399137525,9.37706908401324,8.77067084172291,10.051034713781,10.2681172131343,6.69351594181966,8.73743640202238
"yrhB",10.3085536515092,10.898873739094,9.77583169436553,9.69675144392516,10.5279881531747,10.5483927664614,8.53574497465638,9.3894018150348
"ugpA",10.7225322866989,11.246023574755,9.9318311083509,9.75754039628992,10.4894058300921,10.5934618575717,9.07875728220548,9.68241142540748
"ugpE",10.1563508491111,10.6945474746865,9.40221096730048,9.54888946090025,9.9727195669385,10.2005046570514,9.05041045874929,9.08887675984767
"livF",10.2645016524147,10.7935024996113,9.53084576936167,9.32036420759686,10.0579874948475,10.4980645007986,8.20116646302203,8.99399095244742
"livK",10.5336150813023,10.953177571175,9.9335033560149,9.88211668621337,10.5056844205139,10.5352721618743,9.13140795144934,9.62943890032783
"livH",10.6225618132897,10.6585434394177,9.77238847131575,9.88702714519877,10.3737297626724,10.3421420999284,9.03770995425469,9.58636140292997
"livG",9.50763610405306,10.1326221023687,9.16962305762794,8.95123724393847,9.39860091281936,9.89887362502977,6.84816777537847,8.09009588031342
"nikA",9.79864929703824,10.3383989516471,11.3760953898047,11.4370411275732,10.3506201348046,10.1999751759872,11.4587389278244,11.3826898789794
"agaI",10.2297717512827,10.657762245447,9.26941162658746,9.36871803330897,10.5009632201633,10.7810916351317,7.51666033778349,9.04813774048058
"nikC",9.93196989720218,10.2673635686757,11.2896569040312,11.3993857442318,10.4537122509941,10.2016606615565,11.547825089485,11.3035446540593
"yhhH",10.1276679384771,10.1106068671031,9.43586748266716,9.35840270798175,9.86350961244229,9.89690342150419,7.55959096989861,9.30201018644239
"yhiL",10.5622176873078,10.3990898900459,9.369045191186,8.98957554042683,10.3410970034644,10.1483815425401,8.56699348635556,9.48416196941228
"yhiJ",11.039565333733,11.3422612309866,10.4490108579241,10.497867675247,11.2006032494854,11.0127279966591,9.53874286441543,10.2476303540484
"hycB",8.81255526276169,9.58425201644485,9.12490419714016,8.87841013932877,9.03341440046739,9.72578694884215,8.21248119102282,8.26040174069115
"yhiS",10.2858385848163,10.578705053664,9.37425790783087,9.36220478648903,10.5650381174753,10.4502520219981,8.18304660285271,9.3234699985848
"arsC",10.4119438644086,10.6558789525341,9.62610256872488,9.36583187823628,10.6205728287809,10.7209110918909,9.27789772559818,9.49039157377717
"dctR",11.0469077695821,11.2576816911998,10.1100477429926,10.0086115477008,11.2393460863463,11.3275037731014,10.0079819346302,10.1086141876884
"gadW",11.8951843236952,12.118065127015,10.8947884653691,10.7517763222448,12.252908372218,12.2882501399193,10.638740835633,10.8216737124069
"yhjE",10.6205543299944,11.1923768053647,10.1124354354594,9.94177665971174,10.8746009843274,11.2503216469172,9.61917285310107,9.9774892475658
"yhjB",11.2799040907926,11.2743763337267,10.3889556750303,10.3088321349031,11.2556400430403,11.3562374419051,10.0843711829366,10.0206848807049
"treF",10.5288198396441,10.6926483491565,9.95467896733092,9.84897492745397,10.6817144703037,10.9404160196404,9.75510691175873,9.68839551065322
"ccp",11.8099677919334,11.8025009606222,10.7815611633973,10.8251627888492,11.5575506184966,11.5697169885689,10.5280940592299,10.9092137168001
"pdeH",10.4184787604336,10.7256935900427,9.52803885266471,9.23739394886853,10.432887405761,10.7295874067933,9.31236378621609,9.42669914161936
"bcsB",10.967604410943,11.2686357668178,10.3175678586809,10.2205201297897,10.9331811786094,11.287813232067,9.94214333899263,10.1743234420969
"yhjR",10.2542868150521,10.6266017533749,9.96956190213599,10.0399428790445,10.5252990180168,10.4329739208914,8.71135303642972,9.66777129733803
"bcsQ",10.4874600968994,10.7513539906368,9.77354619709366,9.75439086310023,10.5381859011499,10.6861650005065,9.238749279476,9.62549748496021
"wecH",10.8271281894305,10.9043986798304,10.115908756183,10.1078616942547,10.973667765987,10.9575458014074,9.69484461100031,10.0846732936854
"yiaA",11.2452021741134,10.9569266708796,10.1826410007179,10.0297707491377,11.2006827019799,10.8725444759563,9.87901165849299,10.0848042377549
"insK",10.8869735791704,10.8511420482116,9.88301943312369,9.77378142239436,11.031239936304,10.8370511181007,8.79006319004848,9.75997406371248
"insJ",10.6544895996225,10.7237336151733,9.90290857281228,9.66820946594789,10.7371506669824,10.7494591409223,9.68030695632475,9.41236865093509
"xylR",10.5931639761803,10.5819851183322,10.0874555748107,10.0030320021254,10.5827435497381,10.5774319295124,9.10523153083152,9.89406208986635
"yiaM",9.51562684933785,10.1905924858464,9.30525092825091,9.19182579988896,9.65245856206244,9.88831272534451,7.66575119029414,8.8301082757483
"yiaW",10.6237397293297,10.604255028898,9.81410534828736,9.68426240423027,10.2902476356229,10.3996627317461,8.7988585016544,9.54106425060969
"yibG",10.1745794282377,9.65179402837614,8.83288013047458,8.65372958822921,9.76520007319205,9.48242859063052,7.01865136002557,8.69737011798194
"yibJ",10.2986100408987,10.5371843493313,9.85433260476257,9.54934273262617,10.4032750474648,10.2528625879742,8.6425415643941,9.65287645518353
"waaH",10.5678788600722,10.9699238349046,10.1804924285249,9.82272767532758,10.71828122199,10.6757218731987,9.49560946627584,9.88501650272176
"yiaB",11.1079713774641,11.3657066566763,10.5519997505806,10.3957985260919,11.5242632184383,11.1683657480735,10.1128695557781,10.557576825731
"recG",10.0947205706338,10.5234418140796,9.71145903025575,9.95831647411761,10.5139711915371,10.5261269210911,9.25421355442275,9.59618393320336
"yicJ",11.3802393093892,11.4613499447692,10.2666387056108,10.2864709381141,11.3734072614161,11.3404987766742,10.2177627390025,10.4100931539417
"yicI",10.4195510898024,10.4081937197657,9.54093029946309,9.58761290177183,10.2700839303123,10.429648250203,7.60823172404911,9.23248622501087
"xanP",10.6970162453052,10.7973472954235,9.98098135902903,9.86367758005415,10.698759657854,10.8343889530818,9.3833732660679,9.9424920913648
"adeQ",10.3032165960687,10.4295437562763,9.20942277335962,8.91107582437037,10.1784612862004,10.0740202195794,7.2841129033321,9.07753797361273
"nlpA",10.8191106595619,10.7548647999393,9.64767764911599,9.6040094896241,10.6385223264322,10.6086574767977,9.26345259016201,9.80248178848056
"yicL",10.9201054722918,10.9981413181147,9.83738630460631,9.86497407996676,10.4951203441997,10.6475053573054,9.55257857808972,9.74161794990324
"setC",10.9226862344236,11.0749960960733,9.69238853468854,9.41265477125545,10.7404858668936,10.8681311884467,8.89483334531188,9.80175084567981
"ilvN",10.5646257472787,11.1345193946791,10.0834751734574,10.0013951712373,10.4016761942859,10.8059987430988,9.16372938895614,9.75785099209308
"uhpC",10.8435984772708,11.1681338591078,9.93427334083164,9.87185054264628,10.5917583809082,10.820947852893,9.65370969399497,9.83356748686221
"yidK",10.4777533739877,10.5792676404749,9.23338949211177,9.09447762828531,10.1213751268452,10.5058831483466,8.59234221440181,9.20918267310227
"yidL",10.5676462312764,10.5851043800352,9.37203109972408,9.1989679590394,10.3688519951668,10.3311968692736,9.0832769822001,9.51174647985379
"yidJ",10.6797055597424,10.8070460833217,9.68965550205291,9.61636217943612,10.4179926750382,10.4197714738459,9.91578820605942,9.46032526135094
"yidP",11.3733775917937,11.5214148775907,10.1018096686845,10.1177994595913,11.1664077910669,11.3886241799232,9.92385216959064,10.2784458294339
"uhpB",10.0993651680127,10.474772453614,9.40309206649304,9.0708864937876,9.80142461032868,10.3201520758829,8.3038879232687,9.06096192839343
"dgoT",10.7400962288348,10.9198851886286,9.45044228913474,9.2782743306076,10.365253545831,10.5973405220023,9.06372369793963,9.59266904417734
"uhpT",10.8270192803513,11.1087766393508,9.83381683693947,9.71638543204669,10.5034499882501,10.7046332498706,9.17665579671182,9.69165716358962
"yidX",10.8279318457207,11.226127694315,9.7161398065431,9.74263018601935,10.7452192493688,10.8134740952365,9.44569923647233,9.90914855823411
"nepI",10.5536194711642,10.953875775819,9.69793570047434,9.51938440003388,10.3343622317834,10.6171736194213,8.38897194384844,9.61470409544651
"mdtL",10.6716972693624,10.7949338027671,9.74732387898309,9.71872498731586,10.6675467827901,10.7902379497683,9.92689067891867,9.97504665178564
"adeP",10.7574635460855,10.710334720499,9.87457500520524,9.55980426256526,10.5257545726637,10.935945408758,9.07018483210907,9.74188627466878
"yidZ",10.7551458337571,10.7340175603886,9.65721529315497,9.65750181545295,10.6202683147954,10.8417759740266,9.61711801455379,9.80815474558992
"bglH",10.372980087702,10.3214659929576,9.24772872903016,9.34501435986919,10.3488892214941,10.5396872818493,8.64193160852904,9.51174647985379
"yieK",11.3182067660936,11.118730227012,10.00643226387,10.1296248941031,11.2002450897495,11.1937320038177,10.1091810897381,10.2502000122726
"cbrC",11.3563286407532,11.4642625590998,10.3593343425953,10.3861614340238,11.5272406855542,11.6991915054896,10.6529400232077,10.5308848122523
"cbrB",11.4974219521505,11.1475335594178,9.90190297340783,9.81349755044141,11.3093770162892,11.3066901149049,10.2566365584151,10.4384738532414
"yieH",11.0945782210073,11.0848350608975,10.0706337763527,10.0464051584558,11.1508278578839,11.3054031582521,10.1346175130137,10.3820802128827
"bglB",10.8436343824393,10.680339171561,9.49506852064255,9.63462404616774,10.7398717102373,10.9110092086616,9.79095424612414,10.110787607361
"bglG",10.8339401777168,10.7327441021437,9.90238594329964,9.82915134057262,10.863345369283,10.8448348781466,9.72028120611683,9.97424907482761
"yieL",11.1904072520077,11.1171153603766,10.0636939285017,10.1411998824565,11.1035470976897,11.2768932150057,10.0499917476466,10.2293794155494
"rffM",10.3918022862881,10.3788907545965,9.39504366188656,9.13165767960327,10.4916752662976,10.8208813998209,9.47855044832797,9.47321353762336
"yigF",10.4449107783293,10.6797551258926,9.44681891976746,9.43204515012338,10.2772837684197,10.524914687597,8.55429604981546,9.44552575512387
"mobB",11.4173930143843,11.258471363673,10.1238055377831,10.0770693325709,11.4437894005066,11.2335628363631,10.1429411237085,10.0328688215182
"yigG",10.88266021061,11.1256536043438,9.86514846039034,9.69027261962733,10.6925376162478,10.9821491230809,9.44654870805323,9.85914164271548
"mobA",10.6512172151603,10.5479383780496,9.5591990457279,9.63437007113227,10.6282939898391,10.4489193237533,9.96308301201589,9.45216068541956
"yihG",10.8435217059613,10.8481478216633,9.81213368700741,9.42393139532036,10.7532874929458,10.9256862693612,8.82136542948149,9.57510510030827
"yihF",11.3436611559905,11.399743547701,10.1193298069348,9.91321353087911,11.4673722162039,11.272305773346,9.89520225274158,10.1342682823606
"yihN",11.1095789404602,11.0802523504093,10.0844296141117,10.0630084931465,11.079082100847,11.0953498334357,9.84175597525721,10.0336552700966
"ompL",11.0230998259436,11.0062761832729,9.8538371986246,9.87073523347565,10.9768683458283,10.6843226817586,9.6749557035309,10.119233316084
"yihM",11.2612145517264,11.042193242892,10.0942385458096,9.87169711265524,10.9657473673613,11.1595597809753,9.97224565213052,10.0740323010047
"yihL",10.971057648612,10.933042827976,10.0541140185418,9.85441485105723,10.8010130012011,10.9907482695218,9.69660784748429,9.82090331468148
"yihP",10.2218759607576,10.9798453357826,9.77970662977236,9.52529274975268,10.7327405455778,10.8190971586314,9.39126458881406,9.61319380708376
"yihR",10.1920088415968,10.5535276338597,9.37787339811526,9.31731513638946,10.1523326431364,10.3776455724805,9.12739696086474,9.32517377213897
"yihO",10.7579509420411,10.7147135972702,9.60060404731859,9.46956262349578,10.6882390389821,10.7218441688472,9.58617308237104,9.62011955411312
"frvR",10.5699773073988,11.0487352086184,9.95770203665714,9.86911914541152,10.8439039179059,11.0779385295632,9.72125714470464,10.0028467518787
"frvA",10.2167351964295,10.4807797589818,8.99213412770943,8.69647697824596,10.2335213781325,10.6054221451545,8.19330216989447,8.81076068709875
"yiiG",11.0894669640889,11.0247479434362,10.0726844981446,9.99502987216648,10.9566545231324,11.113235416788,9.85590950084662,10.0337333216045
"rhaR",11.0031099086678,11.1933271951754,10.4399425856756,10.426622315575,11.0899617666724,11.3847546591076,10.0346252968296,10.2699521490432
"rhaS",9.46887219367519,10.2690978419391,9.22429567422765,8.82614128483537,10.0757256514797,10.4662007614022,6.38580850495167,8.55653260302661
"rhaT",11.1988201472313,11.2764542063793,10.1545559542607,10.0091186900724,11.1346526592747,11.3138826084296,9.93911318547351,10.1604434282889
"rhaM",10.382264082847,10.7066661821859,9.27831760121445,8.93737029779557,10.6240746626805,10.7826060821875,7.94980848234354,8.82715317392719
"kdgT",11.0339946401966,11.1099469835605,10.1915499676386,9.97195943533434,10.9704680849773,11.1467257765,9.41237880183833,9.93864362899191
"cdh",11.2995998865906,11.1420975936807,10.1674160911887,9.96179425393536,10.979601592082,11.2768495705146,9.46687858620673,9.9811678207079
"sbp",10.7309347906627,10.6627291576176,9.64885057614996,9.45983873252123,10.5300545162642,10.8175252582275,8.18162127702998,9.20247789662344
"pfkA",12.1625909255935,11.4876686606147,11.6696587967839,11.7580823763513,12.7003577570408,12.4417648204909,11.4859024708881,11.5460289759489
"hslV",10.2806908692178,10.3827622138176,11.6777993219482,11.4630993007492,10.0846381716607,10.0149430587914,11.2024663167107,11.3771410385543
"hrpA",10.388189184363,10.1731495337277,11.3729889404834,11.3952182657893,10.5751704885998,10.4586438591531,11.226070364054,11.3112216241013
"thiE",10.0787538611744,10.6355336730179,9.54814220241113,9.54519490869225,10.0232167804209,10.6392984794238,9.14732942909227,9.2649659924064
"thiC",10.2311582581096,10.6894433174906,9.80914267950195,9.89955851548086,10.2139896878192,10.6091758527695,8.97593797204316,9.26831348949094
"thiH",10.14385481169,10.5705342407805,9.43340914917317,9.36899611446836,10.3692767806192,10.4278333316238,8.80155022854682,9.18762775183247
"yjaZ",10.2582526710002,10.4152588931294,9.43081890821846,9.19797549263897,10.2972886751131,10.2996392909771,8.46554101502116,9.16134171215466
"zraP",10.6886452240723,11.005649821084,9.79291970494678,9.62114591541042,10.6897139215204,10.7941211589114,9.6560576303501,9.66336554089746
"metA",10.6606709727324,10.8187793770775,9.5803704658287,9.71849799257308,10.8912988838744,10.8031191648067,9.8657479010556,9.50067647901947
"yjaA",11.0776481631853,10.8142795370546,9.33052673435559,8.74440290175278,10.7597791674961,10.8280327303125,7.8205579457869,8.75693484811529
"psiE",10.5293120823404,10.7106880537403,9.60217442364456,9.53799385487856,10.5525460271337,10.3488969757816,9.01331395168205,9.36193692425503
"malG",11.8217601999242,11.3446816667459,9.74087408472061,9.92295134915336,11.9667213074322,11.5707875050693,10.5577688203948,10.8184798240011
"malF",12.2670706965843,11.8672521075594,10.2732603801059,10.5798729050366,12.3480171167871,12.2190475858145,10.9875500388262,11.2897563928226
"yjbF",10.3702820527287,10.7987730069912,9.77215452134704,9.64625823755395,10.2839528727039,10.3780551920458,8.98796564795712,9.46099995027194
"malK",12.3372021490346,11.3514722146602,9.81877688187532,10.5409998975085,12.4574258981051,12.4080279534119,10.9719350363321,11.3840528335873
"malE",13.3861934168273,13.1811781971021,10.6200045350876,11.578224605138,13.6094581778492,13.4513337251359,12.2143163819058,12.5199074837141
"ycfL",10.5472485735543,10.2781490381822,11.3810527147149,11.4797233717735,10.4360197090862,10.3602264009424,11.1705457861719,11.3444400900089
"yjbI",10.354487761512,10.2514118391412,9.22447359074368,8.66807618313215,10.4544332030708,10.232106261161,7.97728064523135,9.21866795708864
"malM",12.5713968494397,12.0834287752758,10.1233886005552,10.9986856718127,12.7188353738348,12.2736473769226,11.4058030799857,11.8220132227877
"lamB",13.3057947026095,13.2293600832677,10.5296464174411,11.394730522569,13.5620433033624,13.3790629730317,11.8301179701429,12.2112722610176
"hinT",10.2215270674766,10.0479441958985,11.3200847082999,11.3717749436021,10.2273113401948,10.1485615890658,10.9038338035888,11.1726469659626
"yjbM",10.0054366207627,9.83650217101803,8.6466115435421,8.35176169706931,10.0363410599146,9.7105054188405,6.46237171427828,8.69565242681092
"yjbL",8.53720626873179,9.36103611457828,7.93293444932582,7.18397559765631,9.38531643679972,9.15968768045948,5.56955580538014,7.30201535444191
"pspG",9.01250191759939,9.28156997865928,9.02217754238083,8.19904348729834,9.28061855086688,9.3569824190148,8.10468174632926,8.48199912146273
"yjcB",9.66521931716884,10.6107692981737,9.97272505402744,9.70714376794868,9.73666555176697,9.87005942947376,7.31601007455213,9.30782685319202
"nrfA",13.1695017374696,13.2221309148715,12.0598672548083,12.2708856446014,11.2674416408063,13.0613913864609,11.5516793707937,11.7509560471036
"nrfB",12.8044556856666,12.8099766329975,11.633508925789,11.8058773306046,10.9029464561152,12.6779085182635,10.9177351101011,11.3804234391114
"yjcH",9.69427273949391,10.3145101307862,9.5135607228533,9.41788953140004,9.84868619926654,9.93807734155024,8.5859150701519,9.13269447299135
"yjcF",10.6417652736758,10.8264057681703,9.89169275208739,9.60796865223234,10.291511837041,10.5675058925205,8.15195088174383,9.54295587075172
"mdtO",10.5441661697356,10.9045213045373,9.87440027475305,9.69982576887884,10.6047910901061,10.8534045954801,8.86451405269467,9.54000086657383
"nrfG",10.6249068068086,10.9318284980098,10.0434730757725,9.93747115899213,10.429926474262,10.9916712728157,8.54047012484051,9.75007773629172
"mdtN",10.8167957231637,11.2637162204179,10.3824278673297,10.2266009655108,11.0675931261402,11.2412242255854,9.89052951857163,10.1616101770311
"alsR",10.8381791980166,10.8665138159835,12.0797096071586,11.8047678783154,10.8280348063387,10.7005088608059,11.3852862614298,11.4813486610776
"phnJ",9.45061713981495,9.91781185460178,9.12734148212328,9.00024914894163,9.36310726602489,9.52171665857927,6.76821360854095,8.29290650128991
"hokD",8.41123272894612,8.74036725350927,10.5516934985659,10.419154840966,9.13893452185726,8.70044372512866,9.83549819381974,10.3084188282475
"phnC",10.0231558770677,10.4279385519839,10.2562050033655,10.2052072018367,10.0760330967236,10.4036943734805,8.30510032515223,9.25834678258508
"yjcZ",10.638827731723,10.8459242065818,10.1606867872194,9.91363275520869,10.720140154423,10.9348986572889,9.83377876043852,9.78018452157836
"dcuB",12.9788632776029,12.2658704770013,11.0498861993851,11.3967980024436,11.1699816507117,12.3120536438855,10.86949406785,11.6079617298152
"cadA",12.5535521133304,12.1747390559554,11.0874690421454,11.6018193566463,12.7834429389135,12.1011054969294,11.1096363277991,11.5894259826903
"yjeN",10.4684710145942,10.7081112393595,10.0293919098751,9.90164710161503,10.7032030637802,10.7260258266673,9.43034439390496,9.76717526779579
"mutL",9.83996882400725,10.4047456819568,11.1903424106881,11.1119070596116,9.97632282776376,9.67618670299067,10.9052981497366,10.9674482569091
"yjfC",10.4948902655851,10.4072531935693,9.43371176070091,9.25656872499094,10.3408744320635,10.4952273340225,8.35034047172799,9.19089658613804
"yjfM",10.4755660122572,10.4574143304625,9.55534435472637,9.35864433576265,10.3763408360088,10.4903052741914,9.44303262406982,9.22332801421985
"yjfL",11.0021262053943,10.898467997159,10.0223965749128,9.86046924416558,10.8110901268114,10.9518083736529,9.72130151373949,10.0975953814248
"yjfK",10.3519570805935,10.3486289052596,9.27065419894888,8.89702311757605,10.2390961025907,10.4724112292357,7.7224597051818,8.98390453693727
"yjfJ",10.510098129134,10.3874445023569,9.42927485435629,9.26784351299553,10.5264671399722,10.4813041037881,8.94250329747977,9.14305630900244
"yjfI",11.0061592611926,10.7539327149695,9.84470086288401,9.51990053238902,10.6725330768782,10.6720703426822,8.46172243814875,9.71018465250735
"ytfA",9.90799570981403,10.2796069551853,8.96973726161218,8.83900001999623,10.1513457026906,10.16950506864,7.69144294315123,8.55557298396666
"yjfZ",10.5976638484244,10.8421355835921,9.84212901072637,9.70148799842446,10.7166658881834,10.765760488979,9.34115029005703,9.80000615724116
"ytfH",10.6684285684185,10.8966444648735,10.2491926630227,10.0369885247676,10.9345057926797,11.0285946195991,9.84868329932436,9.99849648886238
"ytfI",10.5957442827584,10.4631119730158,9.37426013851293,8.92198371476952,10.5063328471537,10.4668547260634,8.61397736338654,9.5742037572441
"ytfT",9.26741406440479,9.68618258833069,8.84963073613963,8.78700288383522,9.60703032553278,9.80072738167661,8.21138479224639,8.42527774047558
"ydhY",10.8223879203451,10.3714559893279,10.8907694272358,11.1293615103153,10.4359995557439,10.3563438796754,9.9017924213251,10.0951345494633
"yjfF",9.90620645767504,9.79329340301881,9.02098661666192,8.18997563587251,9.63959386414039,9.9055703405353,6.15798589921204,8.22036321630921
"ydhV",10.7797640687424,10.3885997541978,10.7340189052186,10.9524659850115,10.3147213059309,10.359908793057,9.02776904546356,9.91340639363103
"treR",11.1178845319936,11.1843310542057,10.2633564446419,10.0799109040542,11.3138640901031,11.3447094204173,9.63134166233346,10.0270070776118
"bdcA",10.8987556137066,10.9774911618424,10.1669299195654,9.95762922989688,11.2078514677526,11.1274674608565,9.68383926365355,9.97848740547395
"yjgM",9.87822273705699,10.1215949068622,9.22138000430124,8.90479754270176,10.0964855309294,10.1469788710095,6.88575530609028,8.9768272786821
"argI",10.4343911044293,10.6921483914904,9.78912581421881,9.62485219994879,10.7632270120233,10.777003162565,9.7940650368247,9.7364628482926
"mgtA",10.1349412063799,10.1254094356099,9.60590201749031,9.1836593384104,10.2003543711407,10.3180804609242,8.69520030446821,9.46976592689948
"yjgN",10.5416407444462,10.625414474231,9.47710904117186,9.26794977384534,10.5023948531631,10.6942463296028,9.07866389495971,9.43248651506557
"appY",11.1330984326953,10.7411204362873,12.0652574347894,12.1618353847559,11.2984030977346,10.885600701673,11.6689339777709,11.9374282536941
"yjgZ",10.3183901301456,10.4061773418633,10.0442746568309,9.91269008641731,10.366728599196,10.7625896030949,9.12175149730855,9.18291149243236
"yjhB",10.7712481743516,10.6551395742197,10.6922858461566,10.3211723638833,10.5303569024029,10.5882106770281,9.03770995425469,9.88321126763156
"yjhE",10.5806697213718,10.5964561728486,9.72425189752766,9.32868378388104,10.4147543518169,10.4792980012544,7.08926891721693,8.60709065028479
"yjhV",10.4036680513807,10.5468917381584,9.76528379918644,9.70907359416433,10.0992453081675,10.4329020202699,8.39481459223417,8.85832982901568
"fecE",10.5462036011572,10.8793721636481,10.2508090118011,10.1977344123343,11.2467788785131,11.1350131401753,10.0190442018273,10.2099996682218
"yjiC",9.94708440928707,10.0804802945612,9.4235361231331,9.36889382929605,9.74374614688787,9.89557430541212,7.51666033778349,9.39820258201859
"tyrS",10.6862789199288,10.6005228435915,11.9384627936587,11.9107820753486,11.0017881191714,10.8024712268801,11.8083340167043,11.9495630484033
"bglJ",10.7375603270808,10.763266537973,9.96765396381967,9.81421547780478,10.7200277745254,10.8131962141616,9.33763373587149,10.0005006348737
"fhuF",10.8216411653039,10.8034403460082,10.7252976223847,10.608450723406,12.4370731116032,12.1306300725959,12.1332543490175,12.1604002468325
"yjjQ",10.4646857008449,10.7028833653468,10.0125652889663,9.7817911132239,10.6949516530059,10.7189972079889,9.51578626258606,9.67710989724952
"yjiS",10.3429545782769,10.2081246686154,9.34043918626181,9.47454004906269,10.1111315952314,10.4487583797278,7.7501948054809,9.48696855037938
"srlE",13.1362189599232,12.9626638105308,11.6075889473005,11.8512778441275,13.055017981676,13.1364923355951,12.1536263274568,11.8083063891648
"srlD",12.956707747431,12.76397095541,11.4171492551353,11.6855448544414,12.9482785395949,12.9917375190731,11.9387514384951,11.6241929848073
"rmuC",10.3184876941393,10.3850983888618,11.3838475917815,11.3598707357475,10.0370305877379,10.2464294070055,11.2321155646385,11.5185583159993
"srlB",12.8504560017714,12.5644645006816,11.3440133233599,11.6218560762369,12.856060417771,12.8997331927303,11.8046115701097,11.6070522299427
"cho",9.84464392266628,9.90556571238242,11.2098293361021,11.0868530102734,10.0031621149924,9.88619279318806,10.8537944346979,10.9750207208316
"prfA",10.3798442172984,10.4850211473105,11.555319234699,11.4003986732799,10.7350568629894,10.583590425522,11.4094964949026,11.4596974575627
"sufA",10.2150717690465,10.4384181782441,10.6886704426484,10.7252420516738,11.0084702047202,10.814736751736,11.9371865514982,12.0598200927009
"aslA",10.7002202418878,10.7542046374625,9.63827788818315,9.62987075114163,10.8215238951074,10.8202065770489,9.49993911303346,9.78125212384556
"uacT",10.9871729531263,10.8918762423203,9.93844674234506,9.74625659962817,11.159669850495,11.1453696498382,9.59541188555901,9.74061877627725
"ygfT",10.8716706461526,10.7597649026572,9.80271324970728,9.46065146845765,10.8692530358529,10.9062505683356,8.92234122173434,9.72195310600957
"carA",10.9723809309613,11.0818289719298,10.3339635196784,10.0110170250888,10.9265141666703,11.2088457792963,9.99267712816969,10.0781236291027
"preA",12.868288300279,12.4443094709085,11.6315950941414,11.7296194164184,10.7594491579851,10.7275987691809,10.5215449213088,10.4950904414147
"mglB",11.2475844272596,12.0518556051515,12.2778651911258,12.3002926677845,11.1488105913022,10.8412785245446,12.2024734365443,12.1216398087759
"preT",12.961390912049,12.8747573873815,11.7737132052162,11.8427304739185,10.7465114336219,10.5455271289498,10.13251413066,10.5058805452641
"trxB",10.1231419082872,10.1163399009189,11.16581197226,11.1141349978617,9.94851548948068,10.0346733714086,10.9780765804388,11.0847257326599
"idnR",10.3986620310216,10.6442661931467,10.0793139383811,9.87308475027264,10.6018264064557,10.7379142069884,8.46522405587158,9.66446393328723
"ygfK",11.434987142589,10.7002202418878,9.88397490391355,9.90321775612846,10.6907418328619,10.7751530932466,9.4465734734489,9.57282506976612
"citT",10.3423016473491,10.5791951195621,9.90247217099986,9.76078507753025,10.4473935340779,10.5828109750837,9.36773426956885,9.58160641227498
"ygfM",11.6478360562445,11.209237807861,10.273940631308,10.1973510211594,11.2554517525238,11.5285963677631,9.81861503461658,10.1235406897019
"ssnA",11.7177749631761,11.164030610536,10.3744234255188,10.3520107040028,11.3581030851626,11.3973987091196,9.89594250959298,10.1019934445698
"xanQ",10.1485962643749,10.2390263055174,9.22429567422764,8.83430175017004,10.4878114742926,10.5626407748144,8.27994428926111,9.12959681461004
"yedD",10.2729677501165,10.1491000408841,11.2366971431686,11.213937676714,10.1386599496562,10.2525861640704,11.0253969787041,11.3273052742261
"yjiR",10.4710116761572,10.6168023444685,9.95135036786315,9.74872073264426,10.409470694684,10.6747030159431,9.39025541558076,9.62147100350576
"yjhF",10.3569141187059,10.7130821489456,9.83246720736965,9.68475212613996,10.1611159275182,10.4179357597658,8.90988096730871,9.30560005222853
"fecR",10.0643971387243,10.3241141296521,9.84651222398264,9.8887705051474,10.3764005378223,10.2692691599035,11.3391633654054,11.2309192129766
